query,rank_in_list,page,impressions,clicks,position
white label voice ai,1,https://www.trillet.ai/whitelabel,82,1,37.1
white label voice ai,2,/agency,48,0,32.5
white label voice ai,3,/blogs/ai-agency-vs-traditional-agency-revenue-model-comparison,1,0,3
white label voice ai,4,/blogs/best-white-label-ai-chatbot-for-agencies-2026,5,0,53.8
white label voice ai,5,/blogs/cheapest-white-label-voice-ai,2,0,91.5
white label voice ai,6,/blogs/gohighlevel-voice-ai-integration,1,0,10
white label voice ai,7,/blogs/hipaa-compliant-ai-voice-assistant-white-label,2,0,4.5
white label voice ai,8,/blogs/top-10-white-label-voice-ai-platforms-for-agencies-2026,130,0,18.9
white label voice ai,9,/blogs/what-is-white-label-ai-chatbot,5,0,70.8
white label voice ai,10,/blogs/white-label-ai-telephony-requirements,2,0,42
white label voice ai,11,/blogs/white-label-ai-voice-agent,8,0,14.9
white label voice ai,12,/blogs/white-label-voice-ai-features-checklist,37,0,64.1
white label voice ai,13,/blogs/whitelabel-guide,38,0,30
white label voice ai,14,/whitelabel,33,0,25.4
white label voice ai,15,https://www.trillet.ai/blogs/best-white-label-ai-chatbot-for-agencies-2026,3,0,64.7
white label voice ai,16,https://www.trillet.ai/blogs/managed-vs-self-serve-voice-ai-platforms-comparison,4,0,48
white label voice ai,17,https://www.trillet.ai/blogs/voice-ai-platform-with-fastest-setup,2,0,61
white label voice ai,18,https://www.trillet.ai/blogs/what-is-white-label-ai-chatbot,1,0,97
white label voice ai,19,https://www.trillet.ai/blogs/white-label-voice-ai-features-checklist,42,0,38.5
white label voice ai,20,https://www.trillet.ai/blogs/white-label-voice-ai-with-free-trial,7,0,72.6
white label ai voice agent,1,/blogs/white-label-ai-voice-agent,66,1,11.5
white label ai voice agent,2,/agency,284,0,39.4
white label ai voice agent,3,/blogs/best-white-label-ai-chatbot-for-agencies-2026,18,0,59.6
white label ai voice agent,4,/blogs/cheapest-white-label-voice-ai,9,0,68.1
white label ai voice agent,5,/blogs/top-10-white-label-voice-ai-platforms-for-agencies-2026,533,0,25.5
white label ai voice agent,6,/blogs/voice-agent-for-real-estate-agencies-white-label,3,0,47.7
white label ai voice agent,7,/blogs/voice-ai-white-label-pricing-breakdown-2026,2,0,2
white label ai voice agent,8,/blogs/what-is-white-label-ai-chatbot,6,0,72.5
white label ai voice agent,9,/blogs/white-label-ai-onboarding-best-practices,1,0,1
white label ai voice agent,10,/blogs/white-label-ai-telephony-requirements,68,0,34.4
white label ai voice agent,11,/blogs/white-label-voice-ai-features-checklist,83,0,60.1
white label ai voice agent,12,/blogs/whitelabel-guide,221,0,38.5
white label ai voice agent,13,/whitelabel,156,0,28.1
white label ai voice agent,14,https://www.trillet.ai/agency,3,0,40.7
white label ai voice agent,15,https://www.trillet.ai/blogs/best-white-label-ai-chatbot-for-agencies-2026,4,0,47.8
white label ai voice agent,16,https://www.trillet.ai/blogs/voice-ai-platform-with-fastest-setup,31,0,66.9
white label ai voice agent,17,https://www.trillet.ai/blogs/what-is-white-label-ai-chatbot,18,0,66.2
white label ai voice agent,18,https://www.trillet.ai/blogs/white-label-voice-ai-features-checklist,142,0,53.4
white label ai voice agent,19,https://www.trillet.ai/whitelabel,5,0,49.2
white label voice,1,/agency,29,0,21.6
white label voice,2,/blogs/best-white-label-ai-chatbot-for-agencies-2026,1,0,12
white label voice,3,/blogs/cheapest-white-label-voice-ai,2,0,12.5
white label voice,4,/blogs/top-10-white-label-voice-ai-platforms-for-agencies-2026,51,0,12.7
white label voice,5,/blogs/voice-agent-integration-requirements,1,0,41
white label voice,6,/blogs/what-is-white-label-ai-chatbot,1,0,72
white label voice,7,/blogs/white-label-ai-telephony-requirements,38,0,21.3
white label voice,8,/blogs/white-label-ai-voice-agent,1,0,10
white label voice,9,/blogs/white-label-voice-ai-features-checklist,2,0,58.5
white label voice,10,/blogs/white-label-voice-ai-glossary-every-term-explained,2,0,13
white label voice,11,/blogs/whitelabel-guide,5,0,31.2
white label voice,12,/whitelabel,5,0,9.4
white label voice,13,https://www.trillet.ai/blogs/best-white-label-ai-chatbot-for-agencies-2026,2,0,33
white label voice,14,https://www.trillet.ai/blogs/managed-vs-self-serve-voice-ai-platforms-comparison,5,0,79.2
white label voice,15,https://www.trillet.ai/blogs/top-10-white-label-voice-ai-platforms-for-agencies-2026,2,0,27.5
white label voice,16,https://www.trillet.ai/blogs/voice-ai-white-label-pricing-breakdown-2026,1,0,94
white label voice,17,https://www.trillet.ai/blogs/white-label-ai-telephony-requirements,17,0,16.8
white label voice,18,https://www.trillet.ai/blogs/white-label-voice-ai-features-checklist,108,0,23.3
white label voice,19,https://www.trillet.ai/blogs/white-label-voice-ai-with-free-trial,11,0,43.7
white label voice,20,https://www.trillet.ai/blogs/white-label-voice-ai-wrappers-vs-native-platforms,1,0,82
white label voice,21,https://www.trillet.ai/whitelabel,322,0,17.1
white label ai platform,1,/agency,1,0,61
white label ai platform,2,/blogs/top-10-white-label-voice-ai-platforms-for-agencies-2026,152,0,57.0
white label ai platform,3,/blogs/what-is-white-label-ai-chatbot,167,0,45.3
white label ai platform,4,/blogs/white-label-ai-chatbot-pricing-comparison,1,0,17
white label ai platform,5,/blogs/white-label-ai-telephony-requirements,3,0,9.3
white label ai platform,6,/blogs/whitelabel-guide,6,0,31.7
white label ai platform,7,/whitelabel,824,0,27.2
white label ai platform,8,https://www.trillet.ai/blogs/managed-vs-self-serve-voice-ai-platforms-comparison,4,0,75.2
white label ai platform,9,https://www.trillet.ai/blogs/what-is-white-label-ai-chatbot,10,0,30.4
white label ai platform,10,https://www.trillet.ai/whitelabel,5,0,12
white label ai receptionist,1,/blogs/best-white-label-ai-receptionist-for-agencies-2026,512,17,6.5
white label ai receptionist,2,https://www.trillet.ai/blogs/best-white-label-ai-chatbot-for-agencies-2026,216,8,14.8
white label ai receptionist,3,/blogs/ai-receptionist-white-label-pricing,476,5,12.9
white label ai receptionist,4,/blogs/what-is-white-label-ai-receptionist,66,2,8.5
white label ai receptionist,5,/blogs/ai-receptionist-for-medical-practices-white-label,90,1,17.9
white label ai receptionist,6,/blogs/best-white-label-ai-chatbot-for-agencies-2026,142,1,14.7
white label ai receptionist,7,https://www.trillet.ai/blogs/ai-receptionist-for-therapists-white-label,40,1,23.7
white label ai receptionist,8,https://www.trillet.ai/blogs/ai-receptionist-white-label-pricing,9,1,10.7
white label ai receptionist,9,https://www.trillet.ai/blogs/my-ai-front-desk-white-label-alternative,57,1,27.3
white label ai receptionist,10,https://www.trillet.ai/blogs/white-label-ai-telephony-requirements,39,1,51.8
white label ai receptionist,11,/,7,0,3.1
white label ai receptionist,12,/agency,70,0,41.8
white label ai receptionist,13,/blogs/cheapest-white-label-voice-ai,9,0,73.2
white label ai receptionist,14,/blogs/my-ai-front-desk-white-label-alternative,86,0,54.8
white label ai receptionist,15,/blogs/top-10-white-label-voice-ai-platforms-for-agencies-2026,1,0,1
white label ai receptionist,16,/blogs/what-is-white-label-ai-chatbot,13,0,79.6
white label ai receptionist,17,/blogs/white-label-ai-onboarding-best-practices,5,0,52.6
white label ai receptionist,18,/blogs/white-label-ai-receptionist-vs-voice-ai-platform,54,0,9.1
white label ai receptionist,19,/blogs/white-label-ai-support-levels,3,0,17
white label ai receptionist,20,/blogs/white-label-ai-telephony-requirements,39,0,54.2
white label ai receptionist,21,/blogs/white-label-ai-training-and-documentation,1,0,58
white label ai receptionist,22,/blogs/white-label-ai-voice-agent,11,0,64.5
white label ai receptionist,23,/blogs/whitelabel-guide,15,0,68.1
white label ai receptionist,24,/whitelabel,57,0,53.2
white label ai receptionist,25,https://www.trillet.ai/agency,5,0,60.8
ai receptionist white label,1,/blogs/ai-receptionist-white-label-pricing,386,5,16.2
ai receptionist white label,2,/blogs/best-white-label-ai-receptionist-for-agencies-2026,270,5,10.2
ai receptionist white label,3,/blogs/what-is-white-label-ai-receptionist,31,2,9.9
ai receptionist white label,4,/agency,167,1,47.1
ai receptionist white label,5,/blogs/ai-receptionist-for-medical-practices-white-label,32,1,20.8
ai receptionist white label,6,/blogs/white-label-ai-receptionist-vs-voice-ai-platform,133,1,14.2
ai receptionist white label,7,/whitelabel,34,1,36.8
ai receptionist white label,8,https://www.trillet.ai/blogs/ai-receptionist-for-therapists-white-label,25,1,10.8
ai receptionist white label,9,/,10,0,3.3
ai receptionist white label,10,/blogs/ai-receptionist-for-law-firms-white-label,1,0,19
ai receptionist white label,11,/blogs/best-white-label-ai-chatbot-for-agencies-2026,125,0,17.1
ai receptionist white label,12,/blogs/cheapest-white-label-voice-ai,2,0,84
ai receptionist white label,13,/blogs/my-ai-front-desk-white-label-alternative,39,0,64.5
ai receptionist white label,14,/blogs/top-10-white-label-voice-ai-platforms-for-agencies-2026,1,0,2
ai receptionist white label,15,/blogs/what-is-white-label-ai-chatbot,12,0,75.8
ai receptionist white label,16,/blogs/white-label-ai-onboarding-best-practices,2,0,55.5
ai receptionist white label,17,/blogs/white-label-ai-telephony-requirements,40,0,56.0
ai receptionist white label,18,/blogs/white-label-ai-voice-agent,3,0,70
ai receptionist white label,19,/blogs/white-label-voice-ai-features-checklist,25,0,76.4
ai receptionist white label,20,/blogs/whitelabel-guide,5,0,64.6
ai receptionist white label,21,https://www.trillet.ai/blogs/ai-receptionist-for-medical-practices-white-label,2,0,15.5
ai receptionist white label,22,https://www.trillet.ai/blogs/ai-receptionist-setup-without-technical-knowledge,1,0,6
ai receptionist white label,23,https://www.trillet.ai/blogs/ai-receptionist-white-label-pricing,10,0,9.2
ai receptionist white label,24,https://www.trillet.ai/blogs/best-ai-receptionist-for-small-business-2026,1,0,7
ai receptionist white label,25,https://www.trillet.ai/blogs/best-white-label-ai-chatbot-for-agencies-2026,114,0,12.1
white label ai chatbot,1,https://www.trillet.ai/blogs/what-is-white-label-ai-chatbot,262,1,13.1
white label ai chatbot,2,/blogs/best-white-label-ai-chatbot-for-agencies-2026,24,0,66.4
white label ai chatbot,3,/blogs/how-to-choose-white-label-ai-chatbot,61,0,45.6
white label ai chatbot,4,/blogs/what-is-white-label-ai-chatbot,620,0,14.9
white label ai chatbot,5,/blogs/white-label-ai-chatbot-pricing-comparison,8,0,69.4
white label ai chatbot,6,/whitelabel,8,0,73.9
white label ai chatbot,7,https://www.trillet.ai/blogs/best-white-label-ai-chatbot-for-agencies-2026,78,0,32.8
white label ai chatbot,8,https://www.trillet.ai/blogs/white-label-ai-chatbot-pricing-comparison,3,0,87
white label ai chatbot,9,https://www.trillet.ai/blogs/white-label-vs-custom-ai-chatbot-development,9,0,34.8
white label chatbot,1,https://www.trillet.ai/blogs/what-is-white-label-ai-chatbot,525,2,18.6
white label chatbot,2,/blogs/best-white-label-ai-chatbot-for-agencies-2026,15,0,20
white label chatbot,3,/blogs/how-to-choose-white-label-ai-chatbot,43,0,30.0
white label chatbot,4,/blogs/what-is-white-label-ai-chatbot,923,0,16.6
white label chatbot,5,/blogs/white-label-ai-chatbot-pricing-comparison,25,0,17.8
white label chatbot,6,https://www.trillet.ai/blogs/best-white-label-ai-chatbot-for-agencies-2026,3,0,39.3
white label chatbot,7,https://www.trillet.ai/blogs/white-label-ai-chatbot-pricing-comparison,7,0,55.9
white label chatbot,8,https://www.trillet.ai/blogs/white-label-vs-custom-ai-chatbot-development,51,0,54.0
cheapest white label voice ai,,(none),,,
white label voice ai pricing,1,/blogs/voice-agent-pricing-strategy-guide,2,0,19
white label voice ai pricing,2,https://www.trillet.ai/blogs/best-white-label-ai-chatbot-for-agencies-2026,1,0,15
white label voice ai pricing,3,https://www.trillet.ai/blogs/voice-ai-white-label-pricing-breakdown-2026,13,0,1.9
ai voice agent white label,1,/agency,88,0,42.0
ai voice agent white label,2,/blogs/best-white-label-ai-chatbot-for-agencies-2026,22,0,53.1
ai voice agent white label,3,/blogs/cheapest-white-label-voice-ai,14,0,68.9
ai voice agent white label,4,/blogs/top-10-white-label-voice-ai-platforms-for-agencies-2026,103,0,23.0
ai voice agent white label,5,/blogs/voice-agent-for-real-estate-agencies-white-label,2,0,37.5
ai voice agent white label,6,/blogs/voice-agent-white-label-api-requirements,2,0,57
ai voice agent white label,7,/blogs/what-is-white-label-ai-chatbot,3,0,74.7
ai voice agent white label,8,/blogs/white-label-ai-receptionist-vs-voice-ai-platform,16,0,43.4
ai voice agent white label,9,/blogs/white-label-ai-telephony-requirements,33,0,42.5
ai voice agent white label,10,/blogs/white-label-ai-voice-agent,12,0,12.3
ai voice agent white label,11,/blogs/white-label-voice-ai-features-checklist,29,0,64.3
ai voice agent white label,12,/blogs/whitelabel-guide,38,0,38.9
ai voice agent white label,13,/whitelabel,26,0,35.8
ai voice agent white label,14,https://www.trillet.ai/agency,2,0,39
ai voice agent white label,15,https://www.trillet.ai/blogs/best-white-label-ai-chatbot-for-agencies-2026,4,0,37.2
ai voice agent white label,16,https://www.trillet.ai/blogs/managed-vs-self-serve-voice-ai-platforms-comparison,4,0,98.5
ai voice agent white label,17,https://www.trillet.ai/blogs/voice-ai-platform-with-fastest-setup,22,0,66.8
ai voice agent white label,18,https://www.trillet.ai/blogs/what-is-white-label-ai-chatbot,4,0,71.5
ai voice agent white label,19,https://www.trillet.ai/blogs/white-label-ai-telephony-requirements,10,0,69.4
ai voice agent white label,20,https://www.trillet.ai/blogs/white-label-voice-ai-features-checklist,118,0,50.6
ai voice agent white label,21,https://www.trillet.ai/whitelabel,5,0,36.2
white label ai agent,1,/agency,115,0,40.1
white label ai agent,2,/blogs/what-is-white-label-ai-chatbot,108,0,41.0
white label ai agent,3,/whitelabel,33,0,17.2
white label ai agent,4,https://www.trillet.ai/blogs/what-is-white-label-ai-chatbot,10,0,59.9
voice ai for agencies,,(none),,,
white label ai for agencies,1,/agency,1,0,43
white label ai for agencies,2,/whitelabel,2,0,23.5
resell voice ai,,(none),,,
