keyword,volume,trillet_pos,KD,url
answering service cost,1900,16,35,https://trillet.ai/blogs/how-much-does-an-answering-service-cost
answering service pricing,1900,17,36,https://trillet.ai/blogs/how-much-does-an-answering-service-cost
after hours phone answering service,1000,15,22,https://trillet.ai/blogs/ai-receptionist-for-after-hours-calls
answering service pricing comparison,880,14,31,https://trillet.ai/blogs/how-much-does-an-answering-service-cost
voiseed product reporting dashboards,720,12,18,https://trillet.ai/blogs/white-label-ai-analytics-dashboard
answering service per call pricing,720,15,21,https://trillet.ai/blogs/how-much-does-an-answering-service-cost
answering service for plumbers,590,11,13,https://trillet.ai/blogs/ai-answering-service-for-plumbers
24 hour virtual receptionist,590,20,40,https://trillet.ai/blogs/ai-receptionist-for-after-hours-calls
after hours answering service for small business,480,16,45,https://trillet.ai/blogs/ai-receptionist-for-after-hours-calls
voicify dental ai receptionist competitors,390,14,0,https://trillet.ai/blogs/best-ai-phone-system-for-dental-office
dental ai receptionist competitors voicify,390,15,0,https://trillet.ai/blogs/best-ai-phone-system-for-dental-office
current trends in ai front desk after-hours call answering speed-to-lead,390,12,9,https://trillet.ai/blogs/ai-receptionist-for-after-hours-calls
after hours answering service cost,390,16,30,https://trillet.ai/blogs/how-much-does-an-answering-service-cost
how much does an answering service cost,320,14,29,https://trillet.ai/blogs/how-much-does-an-answering-service-cost
business answering service cost,320,17,32,https://trillet.ai/blogs/how-much-does-an-answering-service-cost
salon answering service,260,11,15,https://trillet.ai/blogs/ai-receptionist-for-salon-and-spa
heyrosie,210,12,22,https://trillet.ai/blogs/trillet-vs-hey-rosie-comparison
dental ai receptionist competitors voicify orbit,210,17,4,https://trillet.ai/blogs/best-ai-phone-system-for-dental-office
top dental ai voice receptionist platforms 2025 2026,210,19,0,https://trillet.ai/blogs/best-ai-phone-system-for-dental-office
thinkrr ai,210,13,25,https://trillet.ai/blogs/top-10-white-label-voice-ai-platforms-for-agencies-2026
24 7 receptionist,170,19,34,https://trillet.ai/blogs/ai-receptionist-for-after-hours-calls
24 7 receptionist,170,20,34,https://trillet.ai/blogs/ai-receptionist-for-after-hours-calls
how much is an answering service,170,12,29,https://trillet.ai/blogs/how-much-does-an-answering-service-cost
hipaa compliant ai assistant,170,20,39,https://trillet.ai/blogs/hipaa-compliant-ai-voice-assistant-white-label
phone answering service pricing,170,17,35,https://trillet.ai/blogs/how-much-does-an-answering-service-cost
orbit dental ai receptionist features vs voicify,140,13,0,https://trillet.ai/blogs/voicify-alternative
plumber ai,140,15,10,https://trillet.ai/industries/plumbers
ai calling receptionist software for plumbers 2026,140,19,10,https://trillet.ai/blogs/best-ai-answering-service-for-trades-2026
virtual salon receptionist,140,14,12,https://trillet.ai/blogs/ai-receptionist-for-salon-and-spa
voicify vs orbit dental ai receptionist comparison,110,16,0,https://trillet.ai/blogs/voicify-alternative
the missed call text back,110,16,12,https://trillet.ai/blogs/the-multi-channel-follow-up-maze-when-leads-text-back-to-your-call
voice disaster recovery,110,11,8,https://trillet.ai/blogs/voice-ai-disaster-recovery-failover
ai receptionist for chiropractor,110,12,2,https://trillet.ai/blogs/ai-receptionist-for-chiropractors
dental ai receptionist competitors 2025 or 2026,110,15,0,https://trillet.ai/blogs/best-ai-phone-system-for-dental-office
dental ai receptionist competitors to voicify,110,12,1,https://trillet.ai/blogs/best-ai-phone-system-for-dental-office
24 7 hvac answering service,110,12,7,https://trillet.ai/blogs/ai-answering-service-for-hvac
white label pricing,110,18,7,https://trillet.ai/blogs/white-label-ai-chatbot-pricing-comparison
my ai front desk vs goodcall real estate comparison,110,16,0,https://trillet.ai/blogs/my-ai-front-desk-alternative-2026
dental ai receptionist voicify competitors denticon ai,110,12,0,https://trillet.ai/blogs/voicify-alternative
cost of call answering service,110,16,23,https://trillet.ai/blogs/how-much-does-an-answering-service-cost
top dental ai voice receptionist platforms 2025 or 2026,90,15,3,https://trillet.ai/blogs/best-ai-phone-system-for-dental-office
top dental ai voice receptionist companies 2024 2025,90,20,7,https://trillet.ai/blogs/best-ai-phone-system-for-dental-office
answering service for landlords,90,12,11,https://www.trillet.ai/blogs/ai-answering-service-for-property-managers
voicify vs arini dental ai,90,15,0,https://trillet.ai/blogs/voicify-alternative
top dental ai voice receptionist companies 2025 or 2026,90,11,2,https://trillet.ai/blogs/best-ai-phone-system-for-dental-office
upfirst.ai,90,20,11,https://trillet.ai/blogs/upfirst-vs-trillet-comparison
answering service for roofing,90,12,1,https://trillet.ai/blogs/ai-answering-service-for-roofing-companies
dental ai voice receptionist comparison voicify vs competitors,90,19,0,https://trillet.ai/blogs/ai-receptionist-vs-virtual-receptionist-comparison
orbit dental ai receptionist competitor voicify,90,20,8,https://trillet.ai/blogs/best-ai-phone-system-for-dental-office
answering service for roofing companies,90,12,1,https://trillet.ai/blogs/ai-answering-service-for-roofing-companies
ai towing,90,11,15,https://trillet.ai/blogs/ai-answering-service-for-towing-services
marlie ai,90,15,10,https://trillet.ai/blogs/best-ai-answering-service-for-trades-2026
orbit dental ai receptionist or voice ai,90,20,0,https://trillet.ai/blogs/best-ai-phone-system-for-dental-office
how much does answering service cost,90,15,31,https://trillet.ai/blogs/how-much-does-an-answering-service-cost
voicify vs arini dental ai comparison,70,18,0,https://trillet.ai/blogs/voicify-alternative
white label ai chatbot,70,17,26,https://trillet.ai/blogs/what-is-white-label-ai-chatbot
top ai virtual receptionist voice,70,18,39,https://trillet.ai/blogs/best-ai-receptionist-for-small-business-2026
ai voice agent white label,70,14,10,https://trillet.ai/blogs/top-10-white-label-voice-ai-platforms-for-agencies-2026
avaya ai integration multi-channel communication,70,17,5,https://trillet.ai/blogs/avaya-pbx-voice-ai-integration
small business ai receptionist,70,15,54,https://trillet.ai/blogs/best-ai-receptionist-for-small-business-2026
arini vs voicify dental ai,70,16,0,https://trillet.ai/blogs/voicify-alternative
chatbot white label,70,17,23,https://trillet.ai/blogs/what-is-white-label-ai-chatbot
cost of telephone answering service,70,18,31,https://trillet.ai/blogs/how-much-does-an-answering-service-cost
orbit dental ai receptionist or voicify competitor,70,18,7,https://trillet.ai/blogs/best-ai-phone-system-for-dental-office
best 24/7 coverage ai receptionist,70,11,10,https://trillet.ai/blogs/ai-receptionist-for-after-hours-calls
voicify dental ai receptionist competitors orbit denticon ai,70,13,0,https://trillet.ai/blogs/voicify-alternative
after-hours virtual receptionist,70,11,19,https://trillet.ai/blogs/ai-receptionist-for-after-hours-calls
vacation rental answering service,70,11,1,https://trillet.ai/blogs/ai-answering-service-for-vacation-rentals
voicify dental ai receptionist competitors orbit denticon,70,14,0,https://trillet.ai/blogs/voicify-alternative
ai call handling,70,16,47,https://trillet.ai/blogs/how-ai-answering-services-handle-emergency-calls
dental ai voice receptionist companies like voicify,70,15,15,https://trillet.ai/blogs/best-ai-phone-system-for-dental-office
white label ai receptionist,70,13,14,https://trillet.ai/blogs/ai-receptionist-white-label-pricing
best retell ai alternative for customer service,70,19,16,https://trillet.ai/blogs/retell-ai-white-label-alternative
ai receptionist pricing,70,18,21,https://trillet.ai/blogs/ai-receptionist-pricing-models-explained
white label vacation rental app,70,17,0,https://trillet.ai/blogs/voice-ai-for-vacation-rentals-white-label
ai receptionist white label,50,13,7,https://trillet.ai/blogs/ai-receptionist-white-label-pricing
voicerr,50,12,35,https://trillet.ai/blogs/voicerr-alternative
dental ai receptionist competitors voicify denticon ai orbit,50,16,0,https://trillet.ai/blogs/voicify-alternative
real time phone agent white label platforms,50,11,12,https://trillet.ai/blogs/top-10-white-label-voice-ai-platforms-for-agencies-2026
answering service cost per call,50,15,28,https://trillet.ai/blogs/how-much-does-an-answering-service-cost
white label chatbot platform,50,20,21,https://trillet.ai/blogs/what-is-white-label-ai-chatbot
ai that answers phone calls for apartment communities,50,11,9,https://trillet.ai/blogs/ai-answering-service-for-property-managers
ai-based virtual receptionist with round-the-clock support,50,11,18,https://trillet.ai/blogs/ai-receptionist-for-after-hours-calls
white label chatbot reseller,50,16,21,https://trillet.ai/blogs/what-is-white-label-ai-chatbot
ai voicemail receptionist,50,16,54,https://trillet.ai/blogs/ai-receptionist-for-after-hours-calls
ai phone answering services property managers,50,11,10,https://www.trillet.ai/blogs/ai-answering-service-for-property-managers
synthflow ai pricing,50,19,29,https://trillet.ai/blogs/synthflow-vs-trillet-comparison
ai voice agents white label,50,14,10,https://trillet.ai/blogs/top-10-white-label-voice-ai-platforms-for-agencies-2026
therapist answering service,50,11,4,https://www.trillet.ai/blogs/ai-answering-service-for-therapists
enterprise answering service pricing tiers,50,18,15,https://trillet.ai/blogs/how-much-does-an-answering-service-cost
arini vs voicify dental ai comparison,50,15,0,https://trillet.ai/blogs/voicify-alternative
denticon ai receptionist features vs voicify,50,14,0,https://trillet.ai/blogs/voicify-alternative
top-rated ai virtual reception for booking appointments 2025,50,18,19,https://trillet.ai/blogs/best-ai-receptionist-for-small-business-2026
gohighlevel voice ai pricing,50,15,31,https://trillet.ai/blogs/gohighlevel-voice-ai-options-built-in-vs-trillet-vs-others
white label answering service,50,13,3,https://trillet.ai/blogs/white-label-ai-telephony-requirements
ai receptionist for plumbers,50,17,7,https://trillet.ai/blogs/ai-answering-service-for-plumbers
ai chatbot white label,50,16,25,https://trillet.ai/blogs/what-is-white-label-ai-chatbot
