source_page,broken_target,target_status,anchor_text
https://www.sflworldwide.com/about-us,https://www.sflworldwide.com/blog/top-10-benefits-of-an-international-relocation,410,READ MORE
https://www.sflworldwide.com/blog/all-about-ocean-containers-and-volume,https://www.sflworldwide.com/blog/how-to-ship-large-items-a-comprehensive-guide-sfl-worldwide,410,transport oversized goods
https://www.sflworldwide.com/blog/best-shipping-options-for-from-usa-to-china-in-2023,https://www.sflworldwide.com/blog/how-to-ship-large-items-a-comprehensive-guide-sfl-worldwide,410,large and bulky shipments
https://www.sflworldwide.com/blog/best-ways-to-reduce-shipping-costs,https://www.sflworldwide.com/blog/top-10-factors-that-affect-shipping-costs,410,affect shipping costs
https://www.sflworldwide.com/blog/best-ways-to-reduce-shipping-costs,https://www.sflworldwide.com/blog/actual-dimensional-chargeable-weight-explained,410,here
https://www.sflworldwide.com/blog/common-shipping-mistakes-to-avoid,https://www.sflworldwide.com/blog/top-10-factors-that-affect-shipping-costs,410,keep your shipping costs low
https://www.sflworldwide.com/blog/cross-country-furniture-shipping-a-guide,https://www.sflworldwide.com/blog/top-10-factors-that-affect-shipping-costs,410,determining shipping costs
https://www.sflworldwide.com/blog/detailed-guide-on-how-to-pack-clothes-for-moving,https://www.sflworldwide.com/blog/pros-cons-of-using-cardboard-for-shipping,410,Cardboard boxes
https://www.sflworldwide.com/blog/guidelines-for-importing-household-goods-into-usa,https://www.sflworldwide.com/cdn-cgi/l/email-protection,404,[email protected]
https://www.sflworldwide.com/blog/how-automated-order-processing-can-help-to-grow-business,https://www.sflworldwide.com/blog/11-best-practices-for-automated-shipping-in-2024,410,11 Best Practices For Automated Shipping in 2024
https://www.sflworldwide.com/blog/how-to-choose-the-best-international-shipping-company,https://www.sflworldwide.com/blog/the-best-shipping-services-for-small-business-in-2023,410,best shipping for small business
https://www.sflworldwide.com/blog/how-to-prepare-your-car-for-shipping,https://www.sflworldwide.com/blog/international-car-shipping-from-usa,410,International car shipping
https://www.sflworldwide.com/blog/how-to-ship-large-items,https://www.sflworldwide.com/blog/how-to-ship-large-items-a-comprehensive-guide-sfl-worldwide,410,Shipping large items
https://www.sflworldwide.com/blog/how-to-ship-packages-as-a-small-business,https://www.sflworldwide.com/blog/the-best-shipping-services-for-small-business-in-2023,410,how does shipping work for small businesses?
https://www.sflworldwide.com/blog/international-vitamins-shipping-guide-2023,https://www.sflworldwide.com/cdn-cgi/l/email-protection,404,[email protected]
https://www.sflworldwide.com/blog/send-boxes,https://www.sflworldwide.com/blog/best-practices-for-shipping-valuable-jewelry-to-uae,404,shipping valuable items
https://www.sflworldwide.com/blog/sending-electronics-to-france-a-guide-with-packing-tips,https://www.sflworldwide.com/blog/a-beginners-guide-to-customs-for-international-shipping,410,A Beginner's Guide to Customs for International Shipping
https://www.sflworldwide.com/blog/shipping-household-goods-to-germany,https://www.sflworldwide.com/blog/moving-to-germany-from-the-usa-with-family-practical-moving-tips,404,Moving to Germany from USA
https://www.sflworldwide.com/blog/simple-way-to-ship-books-internationally,https://www.sflworldwide.com/blog/actual-dimensional-chargeable-weight-explained,410,here
https://www.sflworldwide.com/blog/the-ultimate-guide-to-shipping-perfume-safely-and-securely,https://www.sflworldwide.com/blog/things-to-consider-while-shipping-via-air,410,air shipping
https://www.sflworldwide.com/blog/types-of-packaging-materials-importance-a-comprehensive-guide,https://www.sflworldwide.com/blog/a-comprehensive-guide-for-moving-with-kids-from-usa,410,A Comprehensive Guide For Moving With Kids From USA
https://www.sflworldwide.com/blog/usa-courier-services,https://www.sflworldwide.com/blog/couriers-to-usa,410,USA courier
https://www.sflworldwide.com/blog/what-is-bonded-warehousing,https://www.sflworldwide.com/blog/a-comprehensive-guide-to-billable-weight,410,A Comprehensive Guide to Billable Weight
https://www.sflworldwide.com/blog/what-is-dispatch-management-all-you-need-to-know,https://www.sflworldwide.com/blog/how-logistics-planning-can-help-your-business,410,shipping and logistics
https://www.sflworldwide.com/blog/what-is-palletization,https://www.sflworldwide.com/blog/cheapest-ways-to-ship-goods-from-usa-to-uk,410,ship goods
https://www.sflworldwide.com/blog/what-is-the-cheapest-overnight-shipping-options,https://www.sflworldwide.com/blog/top-10-factors-that-affect-shipping-costs,410,lowered shipping costs
https://www.sflworldwide.com/blog/whats-the-cheapest-next-day-shipping-service,https://www.sflworldwide.com/blog/10-benefits-of-shipment-tracking-software-for-ecommerce-businesses,410,10 Benefits of Shipment Tracking Software for eCommerce Businesses
https://www.sflworldwide.com/blog/whats-the-cheapest-shipping-company-to-use-this-holiday,https://www.sflworldwide.com/blog/actual-dimensional-chargeable-weight-explained,410,Dimensional weight
https://www.sflworldwide.com/en-ca/resources/prohibited-shipping-items,https://www.sflworldwide.com/cdn-cgi/l/email-protection,404,email us
https://www.sflworldwide.com/en-in/resources/prohibited-shipping-items,https://www.sflworldwide.com/cdn-cgi/l/email-protection,404,email us
https://www.sflworldwide.com/faq/frequently-asked-questions-to-get-shipping-discounts,https://www.sflworldwide.com/blog/couriers-to-usa,410,leading couriers
https://www.sflworldwide.com/faq/how-to-ship-a-wedding-dress,https://www.sflworldwide.com/blog/pros-cons-of-using-cardboard-for-shipping,410,cardboard
https://www.sflworldwide.com/privacy-policy,https://www.sflworldwide.com/cdn-cgi/l/email-protection,404,[email protected]
https://www.sflworldwide.com/resources/prohibited-shipping-items,https://www.sflworldwide.com/cdn-cgi/l/email-protection,404,email us
https://www.sflworldwide.com/services/reliable-international-relocation-services,https://www.sflworldwide.com/blog/top-10-benefits-of-an-international-relocation,410,READ MORE
https://www.sflworldwide.com/sitemap,https://www.sflworldwide.com/introducing-ship-smart,404,Introducing Ship Smart
https://www.sflworldwide.com/sitemap,https://www.sflworldwide.com/accreditations,404,Accreditations
https://www.sflworldwide.com/sitemap,https://www.sflworldwide.com/trusted-reviews,404,Trusted Reviews
https://www.sflworldwide.com/sitemap,https://www.sflworldwide.com/contact-support,404,Contact Support
https://www.sflworldwide.com/sitemap,https://www.sflworldwide.com/carriers/dhl,404,DHL
https://www.sflworldwide.com/sitemap,https://www.sflworldwide.com/carriers/fedex,404,FedEx
https://www.sflworldwide.com/sitemap,https://www.sflworldwide.com/carriers/ups,404,UPS
https://www.sflworldwide.com/sitemap,https://www.sflworldwide.com/carriers/usps,404,USPS
https://www.sflworldwide.com/terms-and-conditions,https://www.sflworldwide.com/cdn-cgi/l/email-protection,404,[email protected]
https://www.sflworldwide.com/worldwide-destinations/shipping-to-australia/items-that-can-be-shipped,https://www.sflworldwide.com/blog/electronics-shipping-australia-challenges-solutions,410,shipping electronics
https://www.sflworldwide.com/worldwide-destinations/shipping-to-australia,https://www.sflworldwide.com/blog/large-items-shipping-strategies-australia,410,electronics
https://www.sflworldwide.com/worldwide-destinations/shipping-to-australia,https://www.sflworldwide.com/blog/large-items-shipping-strategies-australia,410,larger shipments
https://www.sflworldwide.com/worldwide-destinations/shipping-to-australia/send-vehicles,https://www.sflworldwide.com/blog/large-items-shipping-strategies-australia,410,shipping large items from the USA to Australia
https://www.sflworldwide.com/worldwide-destinations/shipping-to-india/shipping-tv-to-india,https://www.sflworldwide.com/blog/is-it-worth-shipping-tv-from-usa-to-india,410,READ MORE
https://www.sflworldwide.com/worldwide-destinations/shipping-to-pakistan/shipping-documents-to-pakistan,https://www.sflworldwide.com/blog/shipping-from-usa-to-pakistan-with-sfl-worldwide,410,cheap shipping to Pakistan
https://www.sflworldwide.com/worldwide-destinations/shipping-to-singapore/comprehensive-guide,https://www.sflworldwide.com/blog/tips-on-sending-industrial-equipment-to-singapore-from-usa,410,Industrial machinery
https://www.sflworldwide.com/worldwide-destinations/shipping-to-singapore/customs-requirements,https://www.sflworldwide.com/blog/tips-on-sending-industrial-equipment-to-singapore-from-usa,410,industrial equipment
https://www.sflworldwide.com/worldwide-destinations/shipping-to-singapore,https://www.sflworldwide.com/blog/tips-on-sending-industrial-equipment-to-singapore-from-usa,410,industrial equipment
https://www.sflworldwide.com/worldwide-destinations/shipping-to-singapore/send-boxes,https://www.sflworldwide.com/blog/tips-on-sending-industrial-equipment-to-singapore-from-usa,410,industrial equipment
https://www.sflworldwide.com/worldwide-destinations/shipping-to-uae,https://www.sflworldwide.com/blog/best-practices-for-shipping-valuable-jewelry-to-uae,404,jewelry
https://www.sflworldwide.com/worldwide-destinations/shipping-to-uae,https://www.sflworldwide.com/blog/how-to-pack-and-ship-your-musical-instruments-to-uae,410,musical instruments
https://www.sflworldwide.com/worldwide-destinations/shipping-to-uae/prohibited-items,https://www.sflworldwide.com/blog/best-practices-for-shipping-valuable-jewelry-to-uae,404,Shipping valuable items
https://www.sflworldwide.com/worldwide-destinations/shipping-to-uk,https://www.sflworldwide.com/blog/packing-tips-for-shipping-fragile-items-to-uk,410,packaging of fragile items
https://www.sflworldwide.com/worldwide-moving/moving-to-india,https://www.sflworldwide.com/blog/top-10-benefits-of-an-international-relocation,410,READ MORE
