url,clicks_from_homepage
https://www.sflworldwide.com/blog/what-is-devanning-and-why-you-need-devanning-services,unreachable
https://www.sflworldwide.com/worldwide-destinations/shipping-to-france/restricted-prohibited-items,unreachable
https://www.sflworldwide.com/blog/eco-friendly-shipping-for-a-sustainable-maritime-industry,unreachable
https://www.sflworldwide.com/blog/ground-shipping-vs-standard-shipping-understanding-the-differences,unreachable
https://www.sflworldwide.com/blog/which-is-better-fedex-or-ups-a-comparison,unreachable
https://www.sflworldwide.com/worldwide-destinations/shipping-to-singapore/comprehensive-guide,unreachable
https://www.sflworldwide.com/blog/automated-export-system-aes-filing-a-step-by-step-guide,unreachable
https://www.sflworldwide.com/blog/shipping-makeup-tips-and-tricks-for-packaging-and-delivery,unreachable
https://www.sflworldwide.com/blog/shipping-a-car-from-canada-to-the-us-what-you-need-to-know,unreachable
https://www.sflworldwide.com/blog/ddu-and-ddp-whats-the-difference,unreachable
https://www.sflworldwide.com/blog/cross-country-furniture-shipping-a-guide,unreachable
https://www.sflworldwide.com/blog/best-practices-for-shipping-fragile-electronics-to-nigeria,unreachable
https://www.sflworldwide.com/blog/a-comprehensive-guide-to-billing-address-vs-shipping-address,unreachable
https://www.sflworldwide.com/blog/misshipments-what-are-they-happen-and-how-do-they-impact-your-business,unreachable
https://www.sflworldwide.com/blog/how-to-fill-out-a-customs-form-for-international-shipping,unreachable
https://www.sflworldwide.com/blog/what-is-a-hybrid-courier-all-you-need-to-know,unreachable
https://www.sflworldwide.com/blog/understanding-freight-shipping-classes,unreachable
https://www.sflworldwide.com/blog/concept-of-cross-docking-everything-you-need-to-know,unreachable
https://www.sflworldwide.com/worldwide-destinations/shipping-to-china/sending-documents,unreachable
https://www.sflworldwide.com/blog/what-is-a-bonded-carrier-and-its-benefit-for-your-business,unreachable
https://www.sflworldwide.com/blog/us-custom-declaration-form-all-you-need-to-know,unreachable
https://www.sflworldwide.com/blog/international-vitamins-shipping-guide-2023,unreachable
https://www.sflworldwide.com/blog/the-ultimate-guide-to-shipping-perfume-safely-and-securely,unreachable
https://www.sflworldwide.com/blog/best-shipping-options-for-from-usa-to-china-in-2023,unreachable
https://www.sflworldwide.com/blog/what-is-blind-shipping-and-how-do-businesses-use-it,unreachable
https://www.sflworldwide.com/blog/inbound-and-outbound-logistics-whats-the-difference,unreachable
https://www.sflworldwide.com/blog/a-comprehensive-guide-to-royal-mail-delivery-services,unreachable
https://www.sflworldwide.com/blog/whats-the-cheapest-shipping-company-to-use-this-holiday,unreachable
https://www.sflworldwide.com/blog/assortment-planning-retail-success-through-strategies,unreachable
https://www.sflworldwide.com/blog/dhl-ecommerce-vs-dhl-express-choosing-the-right-service-for-your-business,unreachable
https://www.sflworldwide.com/blog/what-is-a-customs-bond-and-why-is-it-needed,unreachable
https://www.sflworldwide.com/blog/how-to-ship-perishable-goods-a-step-by-step-guide,unreachable
https://www.sflworldwide.com/blog/what-is-an-hs-code-everything-you-need-to-know,unreachable
https://www.sflworldwide.com/blog/bulk-shipping-a-beginners-guide,unreachable
https://www.sflworldwide.com/blog/fedex-vs-usps-vs-ups-vs-dhl-which-one-should-you-go-for,unreachable
https://www.sflworldwide.com/blog/the-best-method-for-shipping-furniture-to-nigeria,unreachable
https://www.sflworldwide.com/blog/choosing-the-right-eco-friendly-packaging-for-your-products,unreachable
https://www.sflworldwide.com/blog/understanding-eori-numbers-a-detailed-guide,unreachable
https://www.sflworldwide.com/blog/how-much-is-the-uk-import-tax,unreachable
https://www.sflworldwide.com/blog/types-of-packaging-materials-importance-a-comprehensive-guide,unreachable
https://www.sflworldwide.com/blog/the-ultimate-checklist-for-moving-to-new-york-dont-forget-these-essentials,unreachable
https://www.sflworldwide.com/blog/ultimate-guide-to-shipping-furniture-safely-and-stress-free,unreachable
https://www.sflworldwide.com/blog/e-commerce-supply-chain-management-essential-insights,unreachable
https://www.sflworldwide.com/blog/the-ultimate-guide-to-army-air-post-office-apo-shipping,unreachable
https://www.sflworldwide.com/blog/shipping-luggage-internationally,unreachable
https://www.sflworldwide.com/shipping-moving-to-india-from-the-usa,unreachable
https://www.sflworldwide.com/blog/car-part-shipping-the-ultimate-ecommerce-guide,unreachable
https://www.sflworldwide.com/worldwide-destinations/shipping-to-france/detailed-shipping-guide,unreachable
https://www.sflworldwide.com/worldwide-destinations/shipping-to-nigeria/prohibited-and-restricted-items-for-shipping-to-nigeria,unreachable
https://www.sflworldwide.com/blog/floor-loading-vs-palletizing-a-comprehensive-comparison,unreachable
https://www.sflworldwide.com/worldwide-destinations/shipping-to-australia/restricted-items,unreachable
https://www.sflworldwide.com/blog/the-concept-of-drayage-services-what-you-need-to-know,unreachable
https://www.sflworldwide.com/blog/how-to-calculate-your-package-dimensions-for-shipping,unreachable
https://www.sflworldwide.com/blog/how-long-does-it-take-to-ship-from-the-usa-to-india,unreachable
https://www.sflworldwide.com/best-usa-to-india-courier-services-for-fast-and-affordable-delivery,unreachable
https://www.sflworldwide.com/blog/expedited-shipping-service-a-quick-delivery-option,unreachable
https://www.sflworldwide.com/blog/why-carbon-neutral-shipping-is-the-future-of-logistics,unreachable
https://www.sflworldwide.com/blog/cheapest-way-to-ship-furniture-out-of-state-a-guide,unreachable
https://www.sflworldwide.com/blog/ups-next-day-air-early-the-ultimate-guide,unreachable
https://www.sflworldwide.com/worldwide-destinations/shipping-to-pakistan/shipping-documents-to-pakistan,unreachable
https://www.sflworldwide.com/blog/sfl-worldwides-remarkable-journey-from-local-store-to-inc-5000,unreachable
https://www.sflworldwide.com/blog/how-to-ship-fishing-rods-internationally,51
https://www.sflworldwide.com/blog/declaring-an-accurate-shipment-customs-value,50
https://www.sflworldwide.com/blog/how-to-calculate-chargeable-weight,49
https://www.sflworldwide.com/blog/do-shipping-labels-expire,48
https://www.sflworldwide.com/blog/what-is-a-courier-service-everything-you-need-to-know,47
https://www.sflworldwide.com/blog/shipping-golf-clubs-a-comprehensive-guide,46
https://www.sflworldwide.com/blog/international-shipping-of-vinyl-records,45
https://www.sflworldwide.com/blog/certificate-of-origin-what-it-is-and-why-its-important-for-shipping,44
https://www.sflworldwide.com/blog/the-influence-of-chinese-logistics-operators-in-u-s-warehousing,43
https://www.sflworldwide.com/blog/vat-tax-and-gst-tax-what-is-it,42
https://www.sflworldwide.com/blog/how-to-calculate-freight-delivery-costs,41
https://www.sflworldwide.com/blog/fedex-overnight-a-comprehensive-guide,40
https://www.sflworldwide.com/blog/everything-you-need-to-know-about-ems-shipping,39
https://www.sflworldwide.com/blog/a-beginners-guide-to-mailing-small-packages,38
https://www.sflworldwide.com/blog/epacket-shipping-what-it-is-and-how-it-works,37
https://www.sflworldwide.com/blog/can-you-mail-wrapped-gifts-your-guide-to-sending-wrapped-presents,36
https://www.sflworldwide.com/blog/a-complete-guide-to-usps-ground-advantage,35
https://www.sflworldwide.com/blog/first-class-package-international-service-costs-delivery-times-small-packet-options,34
https://www.sflworldwide.com/blog/what-is-batch-picking,33
https://www.sflworldwide.com/blog/automated-replenishment-how-it-can-help-your-business-never-run-out-of-stock-again,32
https://www.sflworldwide.com/blog/remote-area-surcharge-what-it-is-and-why-it-matters,31
https://www.sflworldwide.com/blog/what-is-a-house-airway-bill,30
https://www.sflworldwide.com/blog/decoupling-inventory,29
https://www.sflworldwide.com/blog/what-does-shipment-exception-mean,28
https://www.sflworldwide.com/blog/what-is-a-dark-store-model,27
https://www.sflworldwide.com/blog/all-you-need-to-know-digital-warehousing,26
https://www.sflworldwide.com/blog/dynamic-slotting-a-simple-guide-for-beginners,25
https://www.sflworldwide.com/blog/first-in-first-out-fifo-a-simple-guide,24
https://www.sflworldwide.com/blog/what-is-digital-logistics-and-how-does-it-help-your-business,23
https://www.sflworldwide.com/blog/all-you-need-to-know-about-picklists,22
https://www.sflworldwide.com/blog/clamshell-packaging-what-you-need-to-know,21
https://www.sflworldwide.com/blog/difference-between-cardboard-and-corrugated-box,20
https://www.sflworldwide.com/blog/national-car-transport-vector-connecting-you-coast-to-coast,20
https://www.sflworldwide.com/blog/what-are-corrugated-boxes-the-different-uses-and-types-of-corrugated-packaging,19
https://www.sflworldwide.com/blog/top-5-things-to-know-before-shipping-to-mexico-from-the-us,19
https://www.sflworldwide.com/blog/everything-you-need-to-know-about-blister-packaging,18
https://www.sflworldwide.com/blog/ship-car-to-ireland-from-usa-cost,18
https://www.sflworldwide.com/blog/what-does-pre-shipment-mean,17
https://www.sflworldwide.com/blog/how-much-is-it-to-move-to-ireland-from-us,17
https://www.sflworldwide.com/blog/usa-to-india-shipping-cost-per-kg,16
https://www.sflworldwide.com/blog/differences-between-warehouse-and-fulfillment-center,16
https://www.sflworldwide.com/blog/what-are-the-different-modes-of-shipping,15
https://www.sflworldwide.com/blog/whats-the-cheapest-next-day-shipping-service,15
https://www.sflworldwide.com/blog/the-benefits-of-door-to-door-nationwide-car-transport-services,15
https://www.sflworldwide.com/blog/fastest-way-send-letter-from-usa-to-india,15
https://www.sflworldwide.com/blog/domestic-shipping-vs-international-shipping-key-differences-explained,14
https://www.sflworldwide.com/blog/can-i-print-shipping-labels-on-regular-paper,14
https://www.sflworldwide.com/blog/how-to-send-documents-internationally-affordable-and-reliable-courier-services-from-the-usa-to-india,14
https://www.sflworldwide.com/blog/difference-between-bulk-and-break-bulk-cargo,14
https://www.sflworldwide.com/blog/domestic-shipment-vs-domestic-order-shipping-key-differences-explained,13
https://www.sflworldwide.com/blog/moving-to-germany-from-usa-with-family,13
https://www.sflworldwide.com/blog/what-is-domestic-shipment,13
https://www.sflworldwide.com/blog/envelopes-selection,13
https://www.sflworldwide.com/blog/does-ups-ground-service-deliver-on-saturday,13
https://www.sflworldwide.com/blog/whats-the-difference-between-express-and-economy-shipping-to-india,12
https://www.sflworldwide.com/blog/difference-between-freight-cargo-shipping,12
https://www.sflworldwide.com/blog/what-are-the-weight-and-size-limits-for-ups-shipping,12
https://www.sflworldwide.com/blog/custom-requirements,12
https://www.sflworldwide.com/blog/courier-iphone-from-usa-to-india,12
https://www.sflworldwide.com/blog/sending-electronics-to-france-a-guide-with-packing-tips,12
https://www.sflworldwide.com/blog/general-cargo-shipping-everything-you-need-to-know,11
https://www.sflworldwide.com/blog/shipping-tape-types-uses-and-best-practices,11
https://www.sflworldwide.com/blog/how-to-address-mail-to-australia-a-simple-guide,11
https://www.sflworldwide.com/blog/shipping-from-the-us-to-australia-bridging-the-pacific-with-sfl-worldwide,11
https://www.sflworldwide.com/blog/whats-a-scac-code-a-complete-guide-for-shippers-and-businesses,11
https://www.sflworldwide.com/blog/what-is-dunnage-in-shipping,11
https://www.sflworldwide.com/blog/what-is-bonded-warehousing,11
https://www.sflworldwide.com/blog/1kg-craft-items-courier-to-india-shipping-rates,11
https://www.sflworldwide.com/blog/how-to-address-mail-to-the-uk,10
https://www.sflworldwide.com/blog/shipping-books-to-india-from-usa,10
https://www.sflworldwide.com/blog/periodic-inventory-systems-a-comprehensive-guide,10
https://www.sflworldwide.com/blog/difference-between-packaging-and-labeling,10
https://www.sflworldwide.com/blog/international-shipping-to-india-what-you-can-and-cannot-send,10
https://www.sflworldwide.com/blog/what-is-dispatch-management-all-you-need-to-know,10
https://www.sflworldwide.com/blog/what-happens-if-you-refuse-to-pay-customs-duty-in-india,10
https://www.sflworldwide.com/blog/delivery-exceptions-what-you-need-to-know,10
https://www.sflworldwide.com/blog/how-to-ship-a-tv-from-usa-to-india-a-complete-guide,9
https://www.sflworldwide.com/blog/which-states-liquor-be-shipped,9
https://www.sflworldwide.com/blog/how-automated-order-processing-can-help-to-grow-business,9
https://www.sflworldwide.com/blog/baggage-shipping-from-usa-to-india,9
https://www.sflworldwide.com/blog/stockout-costs-understanding-impact-and-prevention,9
https://www.sflworldwide.com/blog/physical-inventory-counting-methods-a-detailed-guide,9
https://www.sflworldwide.com/blog/how-to-attach-customs-documents-for-international-shipping,9
https://www.sflworldwide.com/blog/flat-rate-vs-dimensional-weight-how-to-save-money-on-shipping-to-australia,9
https://www.sflworldwide.com/blog/how-to-ship-a-guitar-a-guide-to-shipping-musical-instruments,8
https://www.sflworldwide.com/blog/decoding-usps-awaiting-item-understanding-the-meaning-and-implications,8
https://www.sflworldwide.com/blog/what-items-are-not-allowed-to-ship-to-india-from-the-usa,8
https://www.sflworldwide.com/blog/what-are-inventory-levels,8
https://www.sflworldwide.com/blog/canada-shipping-restrictions,8
https://www.sflworldwide.com/blog/key-differences-between-backlog-and-backorder,8
https://www.sflworldwide.com/blog/8-simple-steps-to-ship-your-personal-belongings-to-uk,8
https://www.sflworldwide.com/blog/shipping-machinery-overseas,8
https://www.sflworldwide.com/blog/shipping-household-goods-from-usa-to-india-guide,8
https://www.sflworldwide.com/blog/what-is-a-freight-charge,8
https://www.sflworldwide.com/blog/understanding-the-difference-between-value-chain-vs-supply-chain,7
https://www.sflworldwide.com/blog/what-are-inventory-buffers,7
https://www.sflworldwide.com/blog/car-shipping-from-usa-to-uk-cost-customs-guide-2026,7
https://www.sflworldwide.com/blog/prohibited-and-restricted-items-for-shipping-to-nigeria,7
https://www.sflworldwide.com/blog/a-comprehensive-guide-to-break-bulk-shipping,7
https://www.sflworldwide.com/blog/how-to-send-medicines-from-india-to-usa,7
https://www.sflworldwide.com/blog/top-10-most-shipped-items-to-uk-from-us,7
https://www.sflworldwide.com/blog/moving-guide-to-lubbock-texas,7
https://www.sflworldwide.com/blog/whats-the-process-for-sending-personal-items-vs-business-shipments,7
https://www.sflworldwide.com/blog/beginning-inventory-all-you-need-to-know,7
https://www.sflworldwide.com/blog/shipping-products-to-india-from-usa-checklist,6
https://www.sflworldwide.com/blog/difference-between-inner-dimensions-and-outer-dimensions,6
https://www.sflworldwide.com/blog/ltl-shipping-and-its-benefits,6
https://www.sflworldwide.com/blog/shipping-oxygen-concentrator-from-usa-to-india,6
https://www.sflworldwide.com/blog/what-is-obsolete-inventory-and-how-to-prevent-it,6
https://www.sflworldwide.com/blog/how-to-ship-home-decor-and-furniture-to-canada-from-usa,6
https://www.sflworldwide.com/blog/shipping-cosmetics-to-australia-guide,6
https://www.sflworldwide.com/blog/cost-to-move-to-switzerland,6
https://www.sflworldwide.com/blog/how-much-to-ship-a-car-from-usa-to-china,6
https://www.sflworldwide.com/blog/what-is-sea-freight-and-when-it-is-used-in-shipping,6
https://www.sflworldwide.com/blog/how-to-choose-the-best-international-shipping-company,5
https://www.sflworldwide.com/blog/5-tips-for-shipping-gifts-overseas-this-holiday-season,5
https://www.sflworldwide.com/blog/send-boxes,5
https://www.sflworldwide.com/blog/all-you-need-to-know-about-our-international-courier-charges,5
https://www.sflworldwide.com/blog/how-long-does-sea-freight-take-from-the-usa-to-the-uk-2025-guide,5
https://www.sflworldwide.com/blog/shipping-furniture-to-australia-cost-process-guide,5
https://www.sflworldwide.com/blog/an-ultimate-guide-to-making-overseas-moves-easy,5
https://www.sflworldwide.com/blog/shipping-luggage-to-india-from-usa,5
https://www.sflworldwide.com/blog/10-best-practices-for-shipping-health-beauty-products-to-canada,5
https://www.sflworldwide.com/blog/how-to-pack-fragile-items-in-a-suitcase,5
https://www.sflworldwide.com/blog/moving-to-ireland-from-us-pros-and-cons,5
https://www.sflworldwide.com/blog/shipping-a-car-from-usa-to-germany,4
https://www.sflworldwide.com/blog/shipping-container-from-usa-to-australia,4
https://www.sflworldwide.com/blog/how-to-relocate-from-the-usa-to-another-country,4
https://www.sflworldwide.com/blog/comprehensive-guide-on-shipping-toys-to-china,4
https://www.sflworldwide.com/blog/usa-to-india-container-shipping-cost,4
https://www.sflworldwide.com/blog/how-much-does-it-cost-to-ship-from-the-us-to-canada-a-complete-breakdown,4
https://www.sflworldwide.com/blog/paying-for-excess-baggage-vs-shipping-your-cargo,4
https://www.sflworldwide.com/blog/how-to-send-a-package-to-india-from-canada,4
https://www.sflworldwide.com/blog/how-to-ship-large-items,4
https://www.sflworldwide.com/blog/the-ultimate-guide-to-shipping-your-car,4
https://www.sflworldwide.com/blog/multi-carrier-shipping-and-its-benefits,4
https://www.sflworldwide.com/blog/guidelines-for-importing-household-goods-into-usa,4
https://www.sflworldwide.com/blog/everything-you-need-to-know-when-shipping-medicine,4
https://www.sflworldwide.com/blog/what-is-the-cheapest-overnight-shipping-options,4
https://www.sflworldwide.com/blog/fedex-kyc-documentation-process,4
https://www.sflworldwide.com/blog/how-to-deal-with-shipping-delays,4
https://www.sflworldwide.com/blog/what-is-palletization,4
https://www.sflworldwide.com/blog/detailed-guide-on-how-to-pack-clothes-for-moving,4
https://www.sflworldwide.com/blog/shipping-from-usa-to-sweden-price-guide,4
https://www.sflworldwide.com/blog/flat-rate-shipping-what-are-usps-flat-rate-boxes,4
https://www.sflworldwide.com/blog/ups-vs-usps,4
https://www.sflworldwide.com/blog/pros-and-cons-of-moving-to-houston-texas,3
https://www.sflworldwide.com/en-ca/contact-us/request-a-call-back,3
https://www.sflworldwide.com/blog/shipping-cargo-from-usa-to-india-cost-process-delivery-time,3
https://www.sflworldwide.com/en-ca/resources/prohibited-shipping-items,3
https://www.sflworldwide.com/blog/custom-duty-explained,3
https://www.sflworldwide.com/blog/how-to-ship-packages-as-a-small-business,3
https://www.sflworldwide.com/blog/simple-way-to-ship-books-internationally,3
https://www.sflworldwide.com/worldwide-destinations/shipping-to-singapore/restricted-and-prohibited-items,3
https://www.sflworldwide.com/en-in/about-us/accreditations,3
https://www.sflworldwide.com/en-in/faq/faqs-about-food-courier-service-from-india-to-usa,3
https://www.sflworldwide.com/en-ca/about-us/trusted-reviews,3
https://www.sflworldwide.com/en-ca/worldwide-moving,3
https://www.sflworldwide.com/en-in/resources/volumetric-weight,3
https://www.sflworldwide.com/en-ca/resources/volumetric-weight,3
https://www.sflworldwide.com/blog/how-to-pack-fragile-items-for-shipping,3
https://www.sflworldwide.com/en-in/faq/can-you-mail-alcohol-how-to-ship-alcohol-sfl-worldwide,3
https://www.sflworldwide.com/worldwide-destinations/shipping-to-singapore/send-envelopes,3
https://www.sflworldwide.com/blog/moving-to-texas-guide,3
https://www.sflworldwide.com/blog/best-way-to-ship-clothes,3
https://www.sflworldwide.com/en-ca/blog/17-essential-packaging-tips-to-protect-your-items-during-shipping,3
https://www.sflworldwide.com/blog/how-much-time-does-it-take-to-ship-to-nepal,3
https://www.sflworldwide.com/blog/send-laptop-from-usa-to-india-costs-process-tips,3
https://www.sflworldwide.com/blog/incoterms-everything-you-need-to-know,3
https://www.sflworldwide.com/en-in/your-trusted-partner-in-employee-relocation,3
https://www.sflworldwide.com/en-ca/about-us/accreditations,3
https://www.sflworldwide.com/en-in/resources/prohibited-shipping-items,3
https://www.sflworldwide.com/blog/usa-courier-services,3
https://www.sflworldwide.com/blog/best-ways-to-reduce-shipping-costs,3
https://www.sflworldwide.com/en-ca/blog/how-to-handle-lost-or-damaged-shipments-step-by-step-process,3
https://www.sflworldwide.com/blog/logistics-industry-trends-for-2023,3
https://www.sflworldwide.com/en-in/faq/frequently-asked-questions-to-get-shipping-discounts,3
https://www.sflworldwide.com/blog/common-shipping-mistakes-to-avoid,3
https://www.sflworldwide.com/worldwide-destinations/shipping-to-australia/items-that-can-be-shipped,3
https://www.sflworldwide.com/en-in/resources/relocation-process,3
https://www.sflworldwide.com/en-in/faq/the-cheapest-international-courier-services,3
https://www.sflworldwide.com/en-in/resources/cft-calculator,3
https://www.sflworldwide.com/en-in/faq/usa-courier-service,3
https://www.sflworldwide.com/worldwide-destinations/moving-companies-in-california,3
https://www.sflworldwide.com/blog/ship-internationally,3
https://www.sflworldwide.com/en-in/contact-us/request-a-call-back,3
https://www.sflworldwide.com/blog/how-does-overnight-shipping-work,3
https://www.sflworldwide.com/en-in/cookie-policy,3
https://www.sflworldwide.com/blog/what-is-standard-shipping-and-how-long-is-standard-shipping,3
https://www.sflworldwide.com/en-ca/resources/cft-calculator,3
https://www.sflworldwide.com/blog/what-is-economy-shipping,3
https://www.sflworldwide.com/worldwide-destinations/shipping-to-singapore/send-boxes,3
https://www.sflworldwide.com/en-in/faq/frequently-asked-questions-on-shipping-insurance,3
https://www.sflworldwide.com/en-in/worldwide-moving/moving-to-usa-from-india,3
https://www.sflworldwide.com/blog/shipping-furniture-from-india-to-usa-step-by-step-guide,3
https://www.sflworldwide.com/worldwide-destinations/shipping-to-china/customs-requirements,3
https://www.sflworldwide.com/en-ca/resources/relocation-process,3
https://www.sflworldwide.com/blog/shipping-electronics-tips-for-packaging,3
https://www.sflworldwide.com/blog/container-shipping-cost-canada-to-india,3
https://www.sflworldwide.com/en-ca/worldwide-moving/moving-to-india-from-canada,3
https://www.sflworldwide.com/en-in/resources/guide-to-custom-duty-calculator,3
https://www.sflworldwide.com/blog/shipping-your-motorcycle-from-the-usa-to-india-a-complete-guide,3
https://www.sflworldwide.com/blog/shipping-goods-usa-to-australia-cost-time,3
https://www.sflworldwide.com/en-in/worldwide-moving,3
https://www.sflworldwide.com/blog/enclosed-car-transport,3
https://www.sflworldwide.com/blog/tips-for-shipping-electronics-to-singapore-from-usa,3
https://www.sflworldwide.com/en-in/about-us/trusted-reviews,3
https://www.sflworldwide.com/worldwide-destinations/shipping-to-india/a-guide-to-understanding-indian-customs-rules,2
https://www.sflworldwide.com/blog/shipping-household-goods-to-germany,2
https://www.sflworldwide.com/worldwide-destinations/shipping-to-belgium,2
https://www.sflworldwide.com/blog/is-it-worth-moving-to-usa-from-india,2
https://www.sflworldwide.com/en-in/resources,2
https://www.sflworldwide.com/worldwide-destinations/shipping-to-trinidad-tobago,2
https://www.sflworldwide.com/blog/how-to-prepare-your-car-for-shipping,2
https://www.sflworldwide.com/en-in/contact-us/contact-support,2
https://www.sflworldwide.com/worldwide-destinations/shipping-to-denmark,2
https://www.sflworldwide.com/worldwide-destinations/shipping-to-greece,2
https://www.sflworldwide.com/resources/relocation-process,2
https://www.sflworldwide.com/blog/shipping-a-car-to-new-zealand-from-usa,2
https://www.sflworldwide.com/en-ca/resources,2
https://www.sflworldwide.com/carriers/shipping-with-usps,2
https://www.sflworldwide.com/blog/an-overview-of-most-common-international-shipping-documents,2
https://www.sflworldwide.com/worldwide-destinations/shipping-to-jamaica,2
https://www.sflworldwide.com/worldwide-destinations/shipping-to-switzerland,2
https://www.sflworldwide.com/en-in/services,2
https://www.sflworldwide.com/en-in/services/international-shipping-from-india,2
https://www.sflworldwide.com/faq/frequently-asked-questions-on-shipping-insurance,2
https://www.sflworldwide.com/blog/methods-and-techniques-for-shipping-furniture-to-the-uae,2
https://www.sflworldwide.com/en-in/worldwide-destinations/shipping-to-uae-from-india,2
https://www.sflworldwide.com/en-in/services/cheapest-domestic-relocation-services,2
https://www.sflworldwide.com/en-ca/sitemap,2
https://www.sflworldwide.com/en-in/worldwide-destinations/shipping-to-china-from-india,2
https://www.sflworldwide.com/resources/prohibited-shipping-items,2
https://www.sflworldwide.com/worldwide-destinations/shipping-to-france,2
https://www.sflworldwide.com/worldwide-destinations/shipping-to-singapore/customs-requirements,2
https://www.sflworldwide.com/en-ca/security,2
https://www.sflworldwide.com/blog/what-is-shipping-insurance-and-why-is-it-necessary,2
https://www.sflworldwide.com/en-ca/about-us,2
https://www.sflworldwide.com/worldwide-destinations/shipping-to-australia/customs-requirements,2
https://www.sflworldwide.com/worldwide-destinations/shipping-to-sweden,2
https://www.sflworldwide.com/en-in/services/cheapest-domestic-shipping-across-india,2
https://www.sflworldwide.com/faq/what-is-the-cost-of-international-shipping,2
https://www.sflworldwide.com/faq/how-to-ship-a-wedding-dress,2
https://www.sflworldwide.com/resources/cft-calculator,2
https://www.sflworldwide.com/worldwide-destinations/shipping-to-brazil,2
https://www.sflworldwide.com/worldwide-destinations/shipping-to-uae/send-envelopes,2
https://www.sflworldwide.com/blog/shipping-container-from-india-to-usa-cost-time,2
https://www.sflworldwide.com/en-ca/contact-us,2
https://www.sflworldwide.com/en-ca/services/cheapest-domestic-relocation-services,2
https://www.sflworldwide.com/worldwide-destinations/shipping-to-uk/customs-regulations,2
https://www.sflworldwide.com/en-in/services/reliable-international-relocation-services,2
https://www.sflworldwide.com/worldwide-destinations/moving-companies-in-texas,2
https://www.sflworldwide.com/worldwide-destinations/shipping-to-spain,2
https://www.sflworldwide.com/blog/all-about-ocean-containers-and-volume,2
https://www.sflworldwide.com/blog/moving-to-india-from-the-usa-a-complete-relocation-guide,2
https://www.sflworldwide.com/en-in/security,2
https://www.sflworldwide.com/en-in/worldwide-destinations/shipping-to-usa-from-india,2
https://www.sflworldwide.com/faq/prohibited-items-for-shipping-to-australia,2
https://www.sflworldwide.com/en-in/sitemap,2
https://www.sflworldwide.com/worldwide-destinations/shipping-to-ireland,2
https://www.sflworldwide.com/en-in/privacy-policy,2
https://www.sflworldwide.com/en-ca/blog,2
https://www.sflworldwide.com/en-in/worldwide-destinations/shipping-to-uk-from-india,2
https://www.sflworldwide.com/worldwide-destinations/shipping-to-colombia,2
https://www.sflworldwide.com/worldwide-destinations/shipping-to-netherlands,2
https://www.sflworldwide.com/worldwide-destinations/shipping-to-uae/customs-requirements,2
https://www.sflworldwide.com/about-us/accreditations,2
https://www.sflworldwide.com/carriers/shipping-with-dhl,2
https://www.sflworldwide.com/worldwide-destinations/shipping-to-australia/foods,2
https://www.sflworldwide.com/worldwide-destinations/shipping-to-kuwait,2
https://www.sflworldwide.com/worldwide-destinations/shipping-to-turkey,2
https://www.sflworldwide.com/worldwide-destinations/shipping-to-nigeria,2
https://www.sflworldwide.com/en-ca/services,2
https://www.sflworldwide.com/is-sfl-worldwide-legit,2
https://www.sflworldwide.com/en-in/contact-us/locations,2
https://www.sflworldwide.com/en-in/blog,2
https://www.sflworldwide.com/blog/how-long-does-international-shipping-take,2
https://www.sflworldwide.com/services/international-organization-relocations,2
https://www.sflworldwide.com/faq/faqs-about-food-courier-service-from-india-to-usa,2
https://www.sflworldwide.com/worldwide-destinations/shipping-to-australia/send-vehicles,2
https://www.sflworldwide.com/worldwide-destinations/shipping-to-italy,2
https://www.sflworldwide.com/worldwide-destinations/shipping-to-indonesia,2
https://www.sflworldwide.com/worldwide-destinations/shipping-to-india/shipping-boxes-to-india,2
https://www.sflworldwide.com/faq/frequently-asked-questions-to-get-shipping-discounts,2
https://www.sflworldwide.com/worldwide-destinations/shipping-to-mexico,2
https://www.sflworldwide.com/blog/shipping-electronics-from-usa-to-india,2
https://www.sflworldwide.com/worldwide-destinations/shipping-to-romania,2
https://www.sflworldwide.com/worldwide-destinations/shipping-to-haiti,2
https://www.sflworldwide.com/worldwide-destinations/shipping-to-uk/electronic-items,2
https://www.sflworldwide.com/en-in/services/shipping-for-business,2
https://www.sflworldwide.com/en-ca/services/cheapest-domestic-shipping-across-canada,2
https://www.sflworldwide.com/worldwide-destinations/shipping-to-ghana,2
https://www.sflworldwide.com/en-ca/worldwide-destinations,2
https://www.sflworldwide.com/worldwide-destinations/shipping-to-israel,2
https://www.sflworldwide.com/en-ca/services/reliable-international-relocation-services,2
https://www.sflworldwide.com/worldwide-destinations/shipping-to-malaysia,2
https://www.sflworldwide.com/resources/guide-to-custom-duty-calculator,2
https://www.sflworldwide.com/worldwide-destinations/shipping-to-canada/customs-regulations,2
https://www.sflworldwide.com/resources/docs,2
https://www.sflworldwide.com/worldwide-destinations/shipping-to-china/restricted-prohibited-items,2
https://www.sflworldwide.com/worldwide-destinations/shipping-to-kenya,2
https://www.sflworldwide.com/worldwide-destinations/shipping-to-chile,2
https://www.sflworldwide.com/en-in/worldwide-destinations/shipping-to-canada-from-india,2
https://www.sflworldwide.com/about-us/trusted-reviews,2
https://www.sflworldwide.com/blog/general-packaging-guidelines-for-international-courier,2
https://www.sflworldwide.com/blog/how-to-choose-the-right-shipping-method-for-your-business,2
https://www.sflworldwide.com/en-ca/privacy-policy,2
https://www.sflworldwide.com/en-in/worldwide-destinations,2
https://www.sflworldwide.com/en-ca/contact-us/locations,2
https://www.sflworldwide.com/blog/shipping-food-items-from-india-to-usa,2
https://www.sflworldwide.com/blog/moving-from-california-to-texas-checklist,2
https://www.sflworldwide.com/worldwide-destinations/shipping-to-philippines,2
https://www.sflworldwide.com/worldwide-destinations/shipping-to-south-africa,2
https://www.sflworldwide.com/blog/sharing-a-container-lcl-explained,2
https://www.sflworldwide.com/en-in/faq,2
https://www.sflworldwide.com/worldwide-destinations/shipping-to-india/shipping-documents-to-india,2
https://www.sflworldwide.com/worldwide-destinations/shipping-to-nepal,2
https://www.sflworldwide.com/blog/shipping-car-to-ghana-from-usa-cost-and-process,2
https://www.sflworldwide.com/worldwide-destinations/shipping-to-russia,2
https://www.sflworldwide.com/en-in/contact-us,2
https://www.sflworldwide.com/en-ca/services/international-shipping-from-canada,2
https://www.sflworldwide.com/worldwide-destinations/shipping-to-japan,2
https://www.sflworldwide.com/worldwide-destinations/shipping-to-singapore,2
https://www.sflworldwide.com/worldwide-destinations/shipping-to-finland,2
https://www.sflworldwide.com/en-in/services/freight-forwarding-services-in-india,2
https://www.sflworldwide.com/worldwide-destinations/shipping-to-poland,2
https://www.sflworldwide.com/worldwide-destinations/shipping-to-lebanon,2
https://www.sflworldwide.com/blog/how-much-does-international-relocation-cost,2
https://www.sflworldwide.com/worldwide-destinations/shipping-to-norway,2
https://www.sflworldwide.com/en-ca/terms-and-conditions,2
https://www.sflworldwide.com/worldwide-destinations/shipping-to-portugal,2
https://www.sflworldwide.com/contact-us,2
https://www.sflworldwide.com/services/domestic-trucking,2
https://www.sflworldwide.com/worldwide-destinations/shipping-to-uk/send-boxes,2
https://www.sflworldwide.com/en-ca/worldwide-destinations/shipping-to-india-from-canada,2
https://www.sflworldwide.com/worldwide-destinations/shipping-to-taiwan,2
https://www.sflworldwide.com/worldwide-destinations/shipping-to-puerto-rico,2
https://www.sflworldwide.com/en-in/about-us,2
https://www.sflworldwide.com/en-in/terms-and-conditions,2
https://www.sflworldwide.com/carriers/shipping-with-fedex,2
https://www.sflworldwide.com/your-trusted-partner-in-employee-relocation,2
https://www.sflworldwide.com/worldwide-destinations/shipping-to-saudi-arabia,2
https://www.sflworldwide.com/worldwide-destinations/shipping-to-uae/prohibited-items,2
https://www.sflworldwide.com/resources/volumetric-weight,2
https://www.sflworldwide.com/carriers/shipping-with-ups,2
https://www.sflworldwide.com/worldwide-destinations/shipping-to-dominican-republic,2
https://www.sflworldwide.com/worldwide-destinations/shipping-to-thailand,2
https://www.sflworldwide.com/worldwide-destinations/shipping-to-india/guide-to-indian-customs,2
https://www.sflworldwide.com/faq/what-is-difference-between-commercial-and-personal-shipment,2
https://www.sflworldwide.com/worldwide-destinations/shipping-to-india/shipping-tv-to-india,2
https://www.sflworldwide.com/en-ca/contact-us/contact-support,2
https://www.sflworldwide.com/blog/moving-from-new-york-to-texas-cost-and-tips-guide,2
https://www.sflworldwide.com/worldwide-destinations/shipping-to-germany,1
https://www.sflworldwide.com/worldwide-moving/moving-to-ireland,1
https://www.sflworldwide.com/services/origin-destination-services,1
https://www.sflworldwide.com/blog,1
https://www.sflworldwide.com/shop-us-stores-ship-worldwide,1
https://www.sflworldwide.com/services,1
https://www.sflworldwide.com/security,1
https://www.sflworldwide.com/services/auto-transport,1
https://www.sflworldwide.com/about-us,1
https://www.sflworldwide.com/worldwide-moving/moving-to-switzerland,1
https://www.sflworldwide.com/en-ca,1
https://www.sflworldwide.com/shipping-for-small-business,1
https://www.sflworldwide.com/cookie-policy,1
https://www.sflworldwide.com/sitemap,1
https://www.sflworldwide.com/worldwide-moving/moving-to-australia,1
https://www.sflworldwide.com/privacy-policy,1
https://www.sflworldwide.com/services/cheapest-domestic-relocation-services,1
https://www.sflworldwide.com/contact-us/locations,1
https://www.sflworldwide.com/worldwide-destinations/shipping-to-pakistan,1
https://www.sflworldwide.com/worldwide-destinations/shipping-to-uae,1
https://www.sflworldwide.com/services/worldwide-shipping,1
https://www.sflworldwide.com/terms-and-conditions,1
https://www.sflworldwide.com/services/reliable-international-relocation-services,1
https://www.sflworldwide.com/worldwide-destinations/shipping-to-india,1
https://www.sflworldwide.com/worldwide-destinations/shipping-to-canada,1
https://www.sflworldwide.com/worldwide-destinations/shipping-to-uk,1
https://www.sflworldwide.com/worldwide-destinations,1
https://www.sflworldwide.com/carriers,1
https://www.sflworldwide.com/services/domestic-shipping,1
https://www.sflworldwide.com/worldwide-destinations/shipping-to-new-zealand,1
https://www.sflworldwide.com/worldwide-moving,1
https://www.sflworldwide.com/worldwide-destinations/shipping-to-china,1
https://www.sflworldwide.com/faq,1
https://www.sflworldwide.com/contact-us/contact-support,1
https://www.sflworldwide.com/worldwide-moving/moving-to-sweden,1
https://www.sflworldwide.com/worldwide-moving/moving-to-india,1
https://www.sflworldwide.com/worldwide-moving/moving-to-germany,1
https://www.sflworldwide.com/en-in,1
https://www.sflworldwide.com/services/worldwide-shipping/shipping-documents-internationally,1
https://www.sflworldwide.com/resources,1
https://www.sflworldwide.com/worldwide-destinations/shipping-to-australia,1
https://www.sflworldwide.com,0
