topic,url,status,title,meta_description,h1,words_main,h2_count,schema_types
india,https://www.sflworldwide.com/worldwide-destinations/shipping-to-india,200,"Shipping to India from US - Door-to-Door, Cheapest and Fastest","Shipping personal items or business goods? Ship from the USA to India with affordable courier and shipping services. Fast, secure, and door-to-door delivery.",Reliable International Shipping to India from USA Fast & Secure,4851,26,BreadcrumbList;FAQPage;HowTo;Service;VideoObject
india,https://us.meest.com/services/service/delivery-to-india,200,Shipping to India from USA - Send package to India | Meest 【 USA 】,"Fast parcel delivery to India from the USA ◾️ us.meest.com ◾️ Shipping from any US city ✅ Delivery to New Delhi ✅ $35 / 5 lb✅  Easy to issue online us.meest.com/portal  ⭐️ Up to €45 without customs clearance ✅ 60$ cargo insurance. Drop-off is possible through ups, fedex, usps or the nearest Meest representative.",Shipping to India from USA,2829,15,BreadcrumbList;FAQPage
india,https://www.easyship.com/shipping-rate-calculator/usa-to-india,200,Shipping Cost Calculator: Compare Shipping Rates From United States To India,"Estimate shipping rates to India from United States with our shipping cost calculator. Get domestic & international costs, including taxes and duties.",Shipping Cost Calculator: Estimate Shipping Rates To India from United States,2228,11,BreadcrumbList
india,https://www.parcelmonkey.com/destinations/asia/india,200,Cheapest Courier Rates To India | Parcel Monkey,We provide competitive pricing on shipping services all over the world. Choose from a host of different couriers to get your shipment safely to India.,Shipping to India from the US,1101,6,BreadcrumbList;FAQPage;Organization;Product;WebPage;WebSite
india,https://www.dhl.com/us-en/home/ship/shipping-to-india.html,blocked,,,,,,
india,https://jioworldwide.com/worldwide-destination/shipping-india/,200,"Shipping to India from USA – Cheap, Fast & Reliable Courier Service","Ship to India from the USA with Jio Worldwide's reliable and budget-friendly courier services. Whether you're shipping personal parcels or business shipments to India, we offer tailored solutions to meet all your international shipping needs.","Shipping to India from the USA — Fast, Affordable, Door-to-Door",3855,27,BreadcrumbList;FAQPage;ImageObject;Organization;WebPage;WebSite
india,https://shipindus.com/courier/courier-to-india-from-usa,200,Ship to India from USA | Courier Charges & Duty Included | SHIPINDUS,"Send courier to India from the USA with SHIPINDUS. Rates start at $7.99 for 1 LB. Compare FedEx, UPS, and SHIPINDUS to print labels online fast!",Affordable and Reliable Courier Services to India from USA – Fast Shipping at Discounted Rates,1853,15,
india,https://www.sevenseasworldwide.com/en-us/shipping/shipping-to-destinations/india/,200,Shipping to India from USA | Seven Seas Worldwide,"Ship boxes, bags & suitcases to India with our Forbes award-winning team. 30+ years' experience, FREE instant quote, 4 weeks FREE storage & no hidden costs.",Shipping to India from USA,3376,11,Service
india,https://www.easyship.com/blog/cheap-shipping-to-india,200,What is the Cheapest Way to Ship to India?,Shipping to India? Access cheap shipping with Easyship. We'll give you the full rundown on how to access the cheapest rates for shipping to India.,How to Find Cheap Shipping to India,4551,9,Article;LocalBusiness;Organization;SoftwareApplication
uk,https://www.sflworldwide.com/worldwide-destinations/shipping-to-uk,200,Cheapest Shipping Services to UK from USA | SFL Worldwide,"Ship with SFL Worldwide for cheapest shipping to UK from USA. Enjoy fast, reliable and secure door-to-door delivery for all packages. Get your quote today!",Cheapest Shipping to UK from the USA Fast & Reliable,4320,25,BreadcrumbList;FAQPage;Service
uk,https://goshippo.com/blog/international-shipping-101-shipping-to-the-uk-from-the-us,200,Shipping to the UK from the US: Costs & Customs (2026),"What it costs to ship to the UK from the US in 2026, how long it takes, the £135 VAT rule, customs paperwork, and prohibited items — with live carrier rates.",Shipping to the UK from the US: costs & customs,3304,18,BlogPosting
uk,https://www.parcelmonkey.com/destinations/europe/uk,200,Cheapest Courier Rates To United Kingdom | Parcel Monkey,We provide competitive pricing on shipping services worldwide. Choose from a range of couriers to get your shipment safely to the United Kingdom.,Shipping to UK from the US,1093,6,BreadcrumbList;FAQPage;Organization;Product;WebPage;WebSite
uk,https://www.easyship.com/blog/cheapest-shipping-from-usa-to-the-uk,200,"Cheapest Shipping from USA to United Kingdom: Rates, Times & Tips","Learn how to cut US–United Kingdom shipping costs. Compare USPS, UPS, FedEx, and DHL rates, find the cheapest options, and use Easyship to access discounts up to 91%.",Cheapest Shipping From USA to the UK,5245,10,LocalBusiness;Organization;SoftwareApplication
uk,https://jioworldwide.com/worldwide-destination/shipping-united-kingdom/,200,Cheap Shipping to UK from USA – Shipping starts at just $29.99,"Ship to United Kingdom from the USA with Jio Worldwide's reliable and cheap courier services. Whether you're shipping business shipments or personal parcels to UK, we offer tailored solutions to meet all your international shipping needs.",Cheapest Shipping to UK from USA: Starts at $29.99,5271,29,BreadcrumbList;FAQPage;ImageObject;Organization;WebPage;WebSite
canada,https://www.sflworldwide.com/worldwide-destinations/shipping-to-canada,200,Cheapest Shipping to Canada from USA - Fast and Affordable,"Cheapest shipping to Canada from the USA! Fast, secure international shipping to Canada. Ship packages easily from US to Canada with reliable service.",Reliable Shipping to Canada from the USA . Fast & Secure,2501,19,BreadcrumbList;FAQPage
canada,https://goshippo.com/blog/shipping-to-canada-from-the-us,200,Shipping to Canada from the US: 2026 Rates and Customs Guide,"How to ship to Canada from the US: current carrier rates, customs forms, duties and taxes, CUSMA exemptions, and tips to avoid delays.",Shipping to Canada from the US: tips and requirements,3003,17,BlogPosting
canada,https://www.parcelmonkey.com/destinations/north-america/canada,200,Cheapest Courier Rates To Canada | Parcel Monkey,We provide competitive pricing on shipping services all over the world. Choose from a host of different couriers to get your shipment safely to Canada.,Shipping from the US to Canada,997,6,BreadcrumbList;FAQPage;Organization;Product;WebPage;WebSite
pakistan,https://www.sflworldwide.com/worldwide-destinations/shipping-to-pakistan,200,Cheapest Shipping and Moving to Pakistan from USA,"Get the cheapest shipping and relocation support to Pakistan from the USA. Safe delivery, full tracking, and expert handling guaranteed.",Cheapest Shipping to Pakistan from the USA Fast & Reliable,3034,20,BreadcrumbList;FAQPage;Service
pakistan,https://qwintry.com/en/pk,200,"Shipping from USA to Pakistan, Cheap Ship from US to Pakistan at qwintry.com",✈️With our help you can easily make purchases in the US online stores and receive them to Pakistan! 👍,Shipping to Pakistan from the USA,1921,11,Organization;Review
pakistan,https://us.meest.com/services/service/delivery-to-pakistan,200,Shipping to Pakistan from USA - Send package to Pakistan | Meest 【 USA 】,"Fast parcel delivery to Pakistan from the USA ◾️ us.meest.com ◾️ Shipping from any US city ✅ Delivery to Islamabad ✅   Easy to issue online us.meest.com/portal ⭐️ Up to €45 without customs clearance ✅ 60$ cargo insurance. Drop-off is possible through ups, fedex, usps or the nearest Meest representative.",Shipping to Pakistan from USA,1719,11,BreadcrumbList;FAQPage
pakistan,https://www.easyship.com/shipping-rate-calculator/usa-to-pakistan,200,Shipping Cost Calculator: Compare Shipping Rates From United States To Pakistan,"Estimate shipping rates to Pakistan from United States with our shipping cost calculator. Get domestic & international costs, including taxes and duties.",Shipping Cost Calculator: Estimate Shipping Rates To Pakistan from United States,2238,11,BreadcrumbList
nigeria,https://www.sflworldwide.com/worldwide-destinations/shipping-to-nigeria,200,Cheapest Shipping to Nigeria from USA,Ship from the USA to Nigeria with SFL Worldwide and save up to 70%. Affordable international shipping with tracking and door-to-door delivery. Get A Free Quote.,Cheapest Shipping to Nigeria from the USA Fast & Reliable,3171,20,BreadcrumbList;FAQPage
nigeria,https://www.dhl.com/us-en/home/ship/shipping-to-nigeria.html,blocked,,,,,,
nigeria,https://cargonaija.com/cargo-to-nigeria-from-usa/,307,,,,,,
car,https://www.sflworldwide.com/services/auto-transport,200,Cheapest Auto Transport Services in the USA | SFL Worldwide,Ship your vehicle safely with SFL Worldwide’s auto transport service. Enjoy fast and affordable door-to-door car shipping across the USA. Get your quote now!,Trusted Auto Transport Services in USA,2928,16,BreadcrumbList;FAQPage;VideoObject
car,https://www.wcshipping.com/international-car-shipping,200,International Car Shipping - Get Instant Rates to Ship Cars Overseas,International Car Shipping Worldwide. Get Instant Rates to ship your car overseas from the US to anywhere in the world via container and air freight.,International Car Shipping: Car Shipping Calculator & Guide,1711,14,FAQPage
car,https://www.schumachercargo.com/car-shipping/,200,International Car Shipping from USA. Overseas Auto Transport Quotes,Get the cost to ship your car overseas and learn more about the best international car shipping options. International vehicle shipping company for over 40 years.,Vehicle Shipping,2643,10,BreadcrumbList;FAQPage;ImageObject;Organization;Product;WebPage;WebSite
moving-india,https://www.sflworldwide.com/worldwide-moving/moving-to-india,200,Moving to India from USA – Shipping Guide,Moving from the USA to India made simple with SFL Worldwide. Affordable relocation shipping services ensure your belongings reach safely and on time.,Moving & Relocation to India from USA,2890,17,BreadcrumbList;FAQPage
moving-india,https://www.sevenseasworldwide.com/en-us/moving/international-relocation/india/,200,International Movers to India from USA | Seven Seas Worldwide,"Removals to India made easy with the MoveCube®. Forbes award-winning, 30+ years' experience, FREE instant quote, 4 weeks' FREE storage & no hidden costs.",International movers to India from USA,3202,11,Service
moving-india,https://globalvanlines.com/location/intl/india/,200,Moving to India from US | India International Movers | Global Van Lines,Global Van Lines provides International Moving Services to India and 150 other countries worldwide. Contact us today at 1-800-823-0395 for FREE moving estimates!,India,1912,1,BreadcrumbList;Organization;WebPage;WebSite
moving-india,https://www.universalrelocations.com/shipping-to-india-from-usa/,307,,,,,,
moving-intl,https://www.sflworldwide.com/services/reliable-international-relocation-services,200,Best International Relocation Services - SFL Worldwide,We offer the best international relocation services with low pricing at swift domestic and international relocation process by SFL Worldwide.,Reliable International Relocation Services,1417,12,BreadcrumbList
moving-intl,https://www.allied.com/international-moving-company/international-moving,200,International Moving Companies | Highest Rated & Affordable,Top-rated and affordable international moving services. Trust our experienced international movers for a seamless relocation. Get a free quote today!,Top-rated International Moving Company,2427,9,FAQPage;WebPage
moving-intl,https://www.unitedvanlines.com/moving-services/international-moving,200,International Moving Company | Move Overseas with United Van Lines®,"Moving overseas? As a reputable international moving company, United can help you with packing, transportation & more. Request a free quote today.",Your Expert International Moving Company,1442,9,ItemList
