group,site,url,is_sfl,words,flesch,grade,avg_sent,nums_per_1k,prices,y2026,ystale,tables,lists,h2,ext_links,auth_links,fluff_per_1k,coverage,author,date
india,sflworldwide.com,https://www.sflworldwide.com/worldwide-destinations/shipping-to-india,True,4851,60.1,7.0,8.7,21.9,30,0,1,1,1,26,0,0,3.09,61,False,False
india,us.meest.com,https://us.meest.com/services/service/delivery-to-india,False,2480,55.7,7.9,9.8,34.7,26,0,0,1,26,15,11,0,0.0,72,False,False
india,easyship.com,https://www.easyship.com/shipping-rate-calculator/usa-to-india,False,1921,44.0,9.2,8.5,72.9,29,3,0,0,46,11,0,0,1.04,61,False,False
india,parcelmonkey.com,https://www.parcelmonkey.com/destinations/asia/india,False,804,55.6,7.8,9.4,32.3,11,1,0,0,1,6,2,0,0.0,56,False,False
india,jioworldwide.com,https://jioworldwide.com/worldwide-destination/shipping-india/,False,3855,54.6,8.4,10.9,32.2,21,0,2,3,5,27,2,0,1.3,72,False,True
india,shipindus.com,https://shipindus.com/courier/courier-to-india-from-usa,False,1306,55.3,8.0,10.1,32.2,10,0,0,2,4,15,1,0,3.06,44,False,False
india,sevenseasworldwide.com,https://www.sevenseasworldwide.com/en-us/shipping/shipping-to-destinations/india/,False,2868,51.8,8.8,11.1,9.1,0,2,0,0,1,11,7,2,1.05,50,False,False
india,easyship.com,https://www.easyship.com/blog/cheap-shipping-to-india,False,3783,57.4,7.3,8.1,51.5,39,4,5,3,11,9,1,0,0.0,50,True,True
uk,sflworldwide.com,https://www.sflworldwide.com/worldwide-destinations/shipping-to-uk,True,4320,60.8,7.1,9.3,22.9,29,0,1,1,3,25,1,1,2.08,69,False,False
uk,goshippo.com,https://goshippo.com/blog/international-shipping-101-shipping-to-the-uk-from-the-us,False,2962,55.9,8.0,10.3,58.7,56,6,1,7,6,18,2,2,0.0,85,True,True
uk,parcelmonkey.com,https://www.parcelmonkey.com/destinations/europe/uk,False,779,52.8,8.2,9.3,32.1,12,1,0,0,1,6,2,0,0.0,69,False,False
uk,easyship.com,https://www.easyship.com/blog/cheapest-shipping-from-usa-to-the-uk,False,4477,58.9,7.3,9.2,30.4,18,4,1,1,12,10,1,0,0.0,77,True,False
uk,jioworldwide.com,https://jioworldwide.com/worldwide-destination/shipping-united-kingdom/,False,5271,48.6,9.7,13.1,17.6,19,0,0,0,8,29,0,0,3.23,77,False,True
canada,sflworldwide.com,https://www.sflworldwide.com/worldwide-destinations/shipping-to-canada,True,2501,46.5,9.2,9.8,40.0,25,0,2,1,3,19,0,0,3.2,62,False,False
canada,goshippo.com,https://goshippo.com/blog/shipping-to-canada-from-the-us,False,2661,46.1,9.5,10.8,48.1,45,10,1,3,9,17,5,2,0.0,92,True,True
canada,parcelmonkey.com,https://www.parcelmonkey.com/destinations/north-america/canada,False,699,55.0,7.9,9.3,37.2,13,1,0,0,1,6,2,0,0.0,62,False,False
pakistan,sflworldwide.com,https://www.sflworldwide.com/worldwide-destinations/shipping-to-pakistan,True,3034,40.9,10.5,11.6,28.0,22,0,1,1,3,20,0,0,3.63,69,False,False
pakistan,qwintry.com,https://qwintry.com/en/pk,False,1792,57.4,8.7,14.0,7.3,3,0,0,0,0,11,0,0,0.56,62,True,False
pakistan,us.meest.com,https://us.meest.com/services/service/delivery-to-pakistan,False,1370,51.9,8.6,10.4,17.5,2,0,0,0,5,11,10,0,0.73,54,False,False
pakistan,easyship.com,https://www.easyship.com/shipping-rate-calculator/usa-to-pakistan,False,1931,43.4,9.3,8.6,78.7,29,3,0,0,49,11,0,0,1.04,69,False,False
nigeria,sflworldwide.com,https://www.sflworldwide.com/worldwide-destinations/shipping-to-nigeria,True,3171,39.9,10.6,11.8,28.1,22,0,2,1,3,20,0,0,6.94,62,False,False
car,sflworldwide.com,https://www.sflworldwide.com/services/auto-transport,True,2928,44.4,10.2,12.5,10.2,0,0,0,0,0,16,0,0,0.68,42,False,False
car,wcshipping.com,https://www.wcshipping.com/international-car-shipping,False,1699,42.2,9.5,8.7,33.5,11,7,0,0,15,14,12,0,1.18,92,True,False
car,schumachercargo.com,https://www.schumachercargo.com/car-shipping/,False,2436,48.6,9.0,10.2,18.5,2,0,0,1,101,10,6,0,0.41,83,True,True
moving-india,sflworldwide.com,https://www.sflworldwide.com/worldwide-moving/moving-to-india,True,2890,60.9,7.2,9.7,11.8,4,0,0,0,4,17,0,0,3.11,50,False,False
moving-india,sevenseasworldwide.com,https://www.sevenseasworldwide.com/en-us/moving/international-relocation/india/,False,2697,58.1,7.7,10.1,11.9,0,2,0,0,4,11,4,0,1.48,57,False,False
moving-india,globalvanlines.com,https://globalvanlines.com/location/intl/india/,False,673,57.1,9.5,16.7,5.9,0,0,0,0,1,1,1,1,1.49,29,False,True
moving-intl,sflworldwide.com,https://www.sflworldwide.com/services/reliable-international-relocation-services,True,1417,44.8,9.8,11.3,7.8,0,0,0,0,0,12,0,0,6.35,36,False,False
moving-intl,allied.com,https://www.allied.com/international-moving-company/international-moving,False,2218,43.8,10.0,11.6,12.2,0,0,0,0,10,9,1,1,2.71,57,False,False
moving-intl,unitedvanlines.com,https://www.unitedvanlines.com/moving-services/international-moving,False,1140,35.1,11.3,11.7,14.0,0,0,0,0,3,9,3,0,2.63,36,False,False
blog-costkg,sflworldwide.com,https://www.sflworldwide.com/blog/usa-to-india-shipping-cost-per-kg,True,1750,61.8,6.5,7.5,86.3,89,2,0,5,1,11,0,0,0.0,61,False,True
blog-costkg,reship.com,https://www.reship.com/blog/shipping-to-india-from-the-us-2024,False,3117,34.9,12.1,15.0,22.5,7,0,2,0,14,2,4,0,1.92,61,False,False
blog-costkg,qwintry.com,https://qwintry.com/en/calculator/in,False,494,50.5,9.6,13.5,14.2,2,1,0,0,0,2,0,0,0.0,17,True,True
blog-transit,sflworldwide.com,https://www.sflworldwide.com/blog/how-long-does-it-take-to-ship-from-the-usa-to-india,True,1630,29.7,12.3,12.8,3.1,0,0,2,0,1,7,1,0,0.0,33,False,True
blog-transit,shipafreight.com,https://www.shipafreight.com/tradelane/usa-to-india/,False,3259,57.2,7.8,10.2,33.1,2,0,11,0,34,13,1,0,0.31,33,False,True
blog-prohibited,sflworldwide.com,https://www.sflworldwide.com/blog/what-items-are-not-allowed-to-ship-to-india-from-the-usa,True,1072,35.4,11.1,11.0,16.8,0,0,0,0,3,7,0,0,0.0,75,False,True
blog-prohibited,sociallifemagazine.com,https://sociallifemagazine.com/the-archive/what-is-allowed-and-not-allowed-in-a-parcel-to-india-from-the-usa/,False,689,11.7,13.9,9.1,2.9,0,1,0,0,2,1,2,1,0.0,50,True,True
blog-prohibited,ship.shoppre.com,https://ship.shoppre.com/prohibited-items-what-you-cannot-ship-internationally-from-india/,False,435,39.1,9.9,8.5,18.4,0,0,1,0,6,3,47,0,0.0,75,False,True
blog-ireland,sflworldwide.com,https://www.sflworldwide.com/blog/how-much-is-it-to-move-to-ireland-from-us,True,1590,62.6,6.9,9.6,39.6,27,2,0,0,5,10,0,0,0.63,79,False,True
blog-ireland,movebuddha.com,https://www.movebuddha.com/blog/moving-to-ireland/,False,2878,50.0,9.1,11.3,73.7,86,0,1,7,15,10,23,0,0.0,71,True,True
blog-ireland,allied.com,https://www.allied.com/international-moving-company/areas-served/moving-to-ireland,False,1453,55.8,8.4,11.6,12.4,4,0,1,0,3,4,0,0,0.69,36,False,False
blog-ireland,jordanrivermoving.com,https://jordanrivermoving.com/moving-to-ireland/,False,3946,62.6,7.4,11.5,66.6,78,27,0,5,2,15,5,1,0.0,100,True,True
blog-moveindia,sflworldwide.com,https://www.sflworldwide.com/blog/moving-to-india-from-the-usa-a-complete-relocation-guide,True,1231,43.2,9.4,8.7,21.9,0,0,0,0,12,13,0,0,1.62,50,False,True
blog-moveindia,crownrelo.com,https://www.crownrelo.com/usa/en-us/moving-to/india,False,3126,26.3,13.4,15.2,25.0,49,1,0,2,9,15,1,1,0.0,57,False,True
blog-moveindia,wise.com,https://wise.com/us/blog/moving-to-india-guide-for-expats,False,2107,56.3,8.3,11.8,38.9,0,1,1,7,3,9,16,0,0.47,43,True,True
blog-moveindia,internationalvanlines.com,https://internationalvanlines.com/how-to-move-to-india-from-the-us/,False,2697,53.6,8.6,11.5,16.7,12,3,2,1,5,7,6,3,0.37,79,True,True
blog-electronics,sflworldwide.com,https://www.sflworldwide.com/blog/shipping-electronics-from-usa-to-india,True,1787,22.1,12.7,10.3,17.9,7,7,0,2,8,10,0,0,0.0,75,False,True
blog-electronics,us.meest.com,https://us.meest.com/news/how-to-send-electronics-from-usa-to-india,False,1754,50.5,9.0,11.3,9.7,0,8,0,0,5,5,0,0,1.14,58,True,True
blog-electronics,jioworldwide.com,https://jioworldwide.com/blog/ship-electronics-from-usa-to-india/,False,1955,55.1,8.5,12.0,7.7,1,0,1,0,4,12,4,1,1.02,75,True,True
blog-electronics,fgx.com,https://fgx.com/blog/how-to-ship-electronics-from-usa-to-india,False,3102,46.2,10.6,15.1,11.6,3,0,5,0,14,2,6,5,2.26,75,True,True
car-domestic,sherpaautotransport.com,https://www.sherpaautotransport.com/,False,763,52.9,8.5,10.5,27.5,0,6,1,0,0,9,0,0,0.0,8,False,True
