url_listed_in_llms_txt,status
https://www.sflworldwide.com/,200
https://www.sflworldwide.com/about-us,200
https://www.sflworldwide.com/about-us/accreditations,200
https://www.sflworldwide.com/about-us/trusted-reviews,200
https://www.sflworldwide.com/beginners-guide-to-domestic-shipping-in-the-usa,404
https://www.sflworldwide.com/best-usa-to-india-courier-services-for-fast-and-affordable-delivery,200
https://www.sflworldwide.com/blog,200
https://www.sflworldwide.com/blog/10-benefits-of-shipment-tracking-software-for-ecommerce-businesses,404
https://www.sflworldwide.com/blog/10-best-practices-for-shipping-health-beauty-products-to-canada,200
https://www.sflworldwide.com/blog/10-shipping-mistakes-to-avoid-when-sending-gifts-to-china,410
https://www.sflworldwide.com/blog/11-best-practices-for-automated-shipping-in-2024,404
https://www.sflworldwide.com/blog/1kg-craft-items-courier-to-india-shipping-rates,200
https://www.sflworldwide.com/blog/5-tips-for-shipping-gifts-overseas-this-holiday-season,200
https://www.sflworldwide.com/blog/8-commonly-shipped-commercial-goods-to-france-from-the-usa,410
https://www.sflworldwide.com/blog/8-simple-steps-to-ship-your-personal-belongings-to-uk,200
https://www.sflworldwide.com/blog/9-commonly-shipped-consumer-goods-to-france,410
https://www.sflworldwide.com/blog/a-beginners-guide-to-customs-for-international-shipping,404
https://www.sflworldwide.com/blog/a-beginners-guide-to-mailing-small-packages,200
https://www.sflworldwide.com/blog/a-complete-guide-to-usps-ground-advantage,200
https://www.sflworldwide.com/blog/a-comprehensive-guide-for-moving-with-kids-from-usa,404
https://www.sflworldwide.com/blog/a-comprehensive-guide-to-billable-weight,404
https://www.sflworldwide.com/blog/a-comprehensive-guide-to-billing-address-vs-shipping-address,200
https://www.sflworldwide.com/blog/a-comprehensive-guide-to-break-bulk-shipping,200
https://www.sflworldwide.com/blog/a-comprehensive-guide-to-royal-mail-delivery-services,200
https://www.sflworldwide.com/blog/actual-dimensional-chargeable-weight-explained,410
https://www.sflworldwide.com/blog/all-about-ocean-containers-and-volume,200
https://www.sflworldwide.com/blog/all-you-need-to-know-about-de-minimis-shipping,410
https://www.sflworldwide.com/blog/all-you-need-to-know-about-our-international-courier-charges,200
https://www.sflworldwide.com/blog/all-you-need-to-know-about-picklists,200
https://www.sflworldwide.com/blog/all-you-need-to-know-digital-warehousing,200
https://www.sflworldwide.com/blog/an-overview-of-most-common-international-shipping-documents,200
https://www.sflworldwide.com/blog/an-ultimate-guide-to-making-overseas-moves-easy,200
https://www.sflworldwide.com/blog/assortment-planning-retail-success-through-strategies,200
https://www.sflworldwide.com/blog/author/sfl-worldwide,410
https://www.sflworldwide.com/blog/auto-parts-imports-all-you-need-to-know,410
https://www.sflworldwide.com/blog/auto-transport-nationwide-how-to-move-your-car-anywhere-in-the-country,404
https://www.sflworldwide.com/blog/automated-export-system-aes-filing-a-step-by-step-guide,200
https://www.sflworldwide.com/blog/automated-replenishment-how-it-can-help-your-business-never-run-out-of-stock-again,200
https://www.sflworldwide.com/blog/available-options-for-package-forwardingto-france,410
https://www.sflworldwide.com/blog/baggage-shipping-from-usa-to-india,200
https://www.sflworldwide.com/blog/beginning-inventory-all-you-need-to-know,200
https://www.sflworldwide.com/blog/best-budget-friendly-shipping-options-from-usa-to-france,410
https://www.sflworldwide.com/blog/best-practices-for-repetitive-australia-shipping-from-usa,410
https://www.sflworldwide.com/blog/best-practices-for-shipping-fragile-electronics-to-nigeria,200
https://www.sflworldwide.com/blog/best-practices-for-shipping-valuable-jewelry-to-uae,404
https://www.sflworldwide.com/blog/best-shipping-company-to-the-dominican-republic,410
https://www.sflworldwide.com/blog/best-shipping-options-for-from-usa-to-china-in-2023,200
https://www.sflworldwide.com/blog/best-shipping-options-from-usa-to-australia-in-2023,410
https://www.sflworldwide.com/blog/best-shipping-options-from-usa-to-india-in-2023,410
https://www.sflworldwide.com/blog/best-way-to-ship-clothes,200
https://www.sflworldwide.com/blog/best-ways-to-reduce-shipping-costs,200
https://www.sflworldwide.com/blog/books-and-educational-materials-shipping-guide-to-canada-from-usa,404
https://www.sflworldwide.com/blog/bulk-shipping-a-beginners-guide,200
https://www.sflworldwide.com/blog/can-i-print-shipping-labels-on-regular-paper,200
https://www.sflworldwide.com/blog/can-you-mail-wrapped-gifts-your-guide-to-sending-wrapped-presents,200
https://www.sflworldwide.com/blog/canada-shipping-restrictions,200
https://www.sflworldwide.com/blog/canada-to-india-shipping-made-simple-tips-costs-and-best-practices,410
https://www.sflworldwide.com/blog/car-part-shipping-the-ultimate-ecommerce-guide,200
https://www.sflworldwide.com/blog/certificate-of-origin-what-it-is-and-why-its-important-for-shipping,200
https://www.sflworldwide.com/blog/cheapest-way-to-ship-a-package-to-china,410
https://www.sflworldwide.com/blog/cheapest-way-to-ship-from-usa-to-australia,410
https://www.sflworldwide.com/blog/cheapest-way-to-ship-furniture-out-of-state-a-guide,200
https://www.sflworldwide.com/blog/cheapest-ways-to-ship-goods-from-usa-to-uk,410
https://www.sflworldwide.com/blog/cheapest-ways-to-ship-large-and-heavy-packages,410
https://www.sflworldwide.com/blog/choosing-the-right-carrier-to-ship-your-documents-to-france,410
https://www.sflworldwide.com/blog/choosing-the-right-eco-friendly-packaging-for-your-products,200
https://www.sflworldwide.com/blog/clamshell-packaging-what-you-need-to-know,200
https://www.sflworldwide.com/blog/cloud-shipping-and-its-the-benefits-for-your-business,410
https://www.sflworldwide.com/blog/common-shipping-mistakes-to-avoid,200
https://www.sflworldwide.com/blog/comprehensive-guide-on-shipping-toys-to-china,200
https://www.sflworldwide.com/blog/concept-of-cross-docking-everything-you-need-to-know,200
https://www.sflworldwide.com/blog/container-shipping-cost-canada-to-india,200
https://www.sflworldwide.com/blog/cost-of-moving-to-sweden-from-usa-air-sea-freight,410
https://www.sflworldwide.com/blog/cost-to-move-to-switzerland,200
https://www.sflworldwide.com/blog/courier-charges-from-canada-to-india,410
https://www.sflworldwide.com/blog/courier-iphone-from-usa-to-india,200
https://www.sflworldwide.com/blog/couriers-to-usa,410
https://www.sflworldwide.com/blog/cross-country-furniture-shipping-a-guide,200
https://www.sflworldwide.com/blog/custom-duty-explained,200
https://www.sflworldwide.com/blog/custom-requirements,200
https://www.sflworldwide.com/blog/customs-forms-required-for-shipping-to-nigeria-from-the-usa,404
https://www.sflworldwide.com/blog/ddu-and-ddp-whats-the-difference,200
https://www.sflworldwide.com/blog/declaring-an-accurate-shipment-customs-value,200
https://www.sflworldwide.com/blog/decoding-usps-awaiting-item-understanding-the-meaning-and-implications,200
https://www.sflworldwide.com/blog/decoupling-inventory,200
https://www.sflworldwide.com/blog/delivered-duty-paid-shipping,410
https://www.sflworldwide.com/blog/delivery-exceptions-what-you-need-to-know,200
https://www.sflworldwide.com/blog/detailed-guide,410
https://www.sflworldwide.com/blog/detailed-guide-on-how-to-pack-clothes-for-moving,200
https://www.sflworldwide.com/blog/detailed-shipping-guide-for-canada,410
https://www.sflworldwide.com/blog/dhl-ecommerce-vs-dhl-express-choosing-the-right-service-for-your-business,200
https://www.sflworldwide.com/blog/difference-between-bulk-and-break-bulk-cargo,200
https://www.sflworldwide.com/blog/difference-between-cardboard-and-corrugated-box,200
https://www.sflworldwide.com/blog/difference-between-freight-cargo-shipping,200
https://www.sflworldwide.com/blog/difference-between-inner-dimensions-and-outer-dimensions,200
https://www.sflworldwide.com/blog/difference-between-packaging-and-labeling,200
https://www.sflworldwide.com/blog/differences-between-warehouse-and-fulfillment-center,200
https://www.sflworldwide.com/blog/discover-affordable-shipping-from-usa-to-australia-with-sfl-worldwide,410
https://www.sflworldwide.com/blog/do-shipping-labels-expire,200
https://www.sflworldwide.com/blog/does-ups-ground-service-deliver-on-saturday,200
https://www.sflworldwide.com/blog/domestic-shipment-vs-domestic-order-shipping-key-differences-explained,200
https://www.sflworldwide.com/blog/domestic-shipping-vs-international-shipping-key-differences-explained,200
https://www.sflworldwide.com/blog/dynamic-slotting-a-simple-guide-for-beginners,200
https://www.sflworldwide.com/blog/e-commerce-supply-chain-management-essential-insights,200
https://www.sflworldwide.com/blog/eco-friendly-shipping-for-a-sustainable-maritime-industry,200
https://www.sflworldwide.com/blog/ecommerce-packaging-everything-you-need-to-know-about-it,410
https://www.sflworldwide.com/blog/ecommerce-shipping,410
https://www.sflworldwide.com/blog/electronics-shipping-australia-challenges-solutions,410
https://www.sflworldwide.com/blog/electronics-shipping-guide-from-the-usa-to-the-uae,410
https://www.sflworldwide.com/blog/enclosed-car-transport,200
https://www.sflworldwide.com/blog/enjoy-hassle-free-international-shipping-with-sfl-worldwide,410
https://www.sflworldwide.com/blog/envelopes-selection,200
https://www.sflworldwide.com/blog/epacket-shipping-what-it-is-and-how-it-works,200
https://www.sflworldwide.com/blog/everything-you-need-to-know-about-blister-packaging,200
https://www.sflworldwide.com/blog/everything-you-need-to-know-about-ems-shipping,200
https://www.sflworldwide.com/blog/everything-you-need-to-know-when-shipping-medicine,200
https://www.sflworldwide.com/blog/expedited-shipping-service-a-quick-delivery-option,200
https://www.sflworldwide.com/blog/fastest-way-send-letter-from-usa-to-india,200
https://www.sflworldwide.com/blog/fedex-kyc-documentation-process,200
https://www.sflworldwide.com/blog/fedex-overnight-a-comprehensive-guide,200
https://www.sflworldwide.com/blog/fedex-vs-usps-vs-ups-vs-dhl-which-one-should-you-go-for,200
https://www.sflworldwide.com/blog/first-class-package-international-service-costs-delivery-times-small-packet-options,200
https://www.sflworldwide.com/blog/first-in-first-out-fifo-a-simple-guide,200
https://www.sflworldwide.com/blog/flat-rate-shipping-what-are-usps-flat-rate-boxes,200
https://www.sflworldwide.com/blog/flat-rate-vs-dimensional-weight-how-to-save-money-on-shipping-to-australia,200
https://www.sflworldwide.com/blog/floor-loading-vs-palletizing-a-comprehensive-comparison,200
https://www.sflworldwide.com/blog/general-cargo-shipping-everything-you-need-to-know,200
https://www.sflworldwide.com/blog/general-packaging-guidelines-for-international-courier,200
https://www.sflworldwide.com/blog/ground-shipping-vs-standard-shipping-understanding-the-differences,200
https://www.sflworldwide.com/blog/guidelines-for-importing-household-goods-into-usa,200
https://www.sflworldwide.com/blog/how-anti-dumping-duty-protects-local-markets-from-unfair-competition,410
https://www.sflworldwide.com/blog/how-automated-order-processing-can-help-to-grow-business,200
https://www.sflworldwide.com/blog/how-can-i-reduce-the-cost-of-shipping-to-nigeria,410
https://www.sflworldwide.com/blog/how-can-i-ship-perishable-goods-from-the-usa-to-france,410
https://www.sflworldwide.com/blog/how-does-overnight-shipping-work,200
https://www.sflworldwide.com/blog/how-domestic-shipping-services-work-in-the-usa,410
https://www.sflworldwide.com/blog/how-ecommerce-business-should-ship-high-value-items,410
https://www.sflworldwide.com/blog/how-logistics-planning-can-help-your-business,410
https://www.sflworldwide.com/blog/how-long-does-international-shipping-take,200
https://www.sflworldwide.com/blog/how-long-does-it-take-to-ship-from-the-usa-to-india,200
https://www.sflworldwide.com/blog/how-long-does-it-take-to-ship-from-usa-to-australia,410
https://www.sflworldwide.com/blog/how-long-does-it-take-to-ship-from-usa-to-china,410
https://www.sflworldwide.com/blog/how-long-does-sea-freight-take-from-the-usa-to-the-uk-2025-guide,200
https://www.sflworldwide.com/blog/how-much-do-movers-cost-in-california,410
https://www.sflworldwide.com/blog/how-much-does-international-relocation-cost,200
https://www.sflworldwide.com/blog/how-much-does-it-cost-to-ship-a-large-package-in-the-usa,410
https://www.sflworldwide.com/blog/how-much-does-it-cost-to-ship-from-the-us-to-canada-a-complete-breakdown,200
https://www.sflworldwide.com/blog/how-much-is-it-to-move-to-ireland-from-us,200
https://www.sflworldwide.com/blog/how-much-is-the-uk-import-tax,200
https://www.sflworldwide.com/blog/how-much-time-does-it-take-to-ship-to-nepal,200
https://www.sflworldwide.com/blog/how-much-to-ship-a-car-to-texas,410
https://www.sflworldwide.com/blog/how-should-i-pack-my-items-for-shipment-to-nigeria,404
https://www.sflworldwide.com/blog/how-to-address-mail-to-australia-a-simple-guide,200
https://www.sflworldwide.com/blog/how-to-address-mail-to-the-uk,200
https://www.sflworldwide.com/blog/how-to-attach-customs-documents-for-international-shipping,200
https://www.sflworldwide.com/blog/how-to-calculate-chargeable-weight,200
https://www.sflworldwide.com/blog/how-to-calculate-freight-delivery-costs,200
https://www.sflworldwide.com/blog/how-to-calculate-your-package-dimensions-for-shipping,200
https://www.sflworldwide.com/blog/how-to-choose-the-best-international-shipping-company,200
https://www.sflworldwide.com/blog/how-to-choose-the-right-shipping-method-for-your-business,200
https://www.sflworldwide.com/blog/how-to-create-custom-packaging-for-your-small-business,410
https://www.sflworldwide.com/blog/how-to-deal-with-shipping-delays,200
https://www.sflworldwide.com/blog/how-to-fill-out-a-customs-form-for-international-shipping,200
https://www.sflworldwide.com/blog/how-to-pack-and-ship-for-perishable-goods-to-nigeria,410
https://www.sflworldwide.com/blog/how-to-pack-and-ship-your-musical-instruments-to-uae,410
https://www.sflworldwide.com/blog/how-to-pack-fragile-items-for-shipping,200
https://www.sflworldwide.com/blog/how-to-pack-fragile-items-in-a-suitcase,200
https://www.sflworldwide.com/blog/how-to-relocate-from-the-usa-to-another-country,200
https://www.sflworldwide.com/blog/how-to-save-money-on-express-delivery-to-barcelona-spain,410
https://www.sflworldwide.com/blog/how-to-save-money-on-shipping-costs-to-france,410
https://www.sflworldwide.com/blog/how-to-send-a-package-to-india-from-canada,200
https://www.sflworldwide.com/blog/how-to-send-documents-internationally-affordable-and-reliable-courier-services-from-the-usa-to-india,200
https://www.sflworldwide.com/blog/how-to-send-medicines-from-india-to-usa,200
https://www.sflworldwide.com/blog/how-to-ship-a-guitar-a-guide-to-shipping-musical-instruments,200
https://www.sflworldwide.com/blog/how-to-ship-a-tv-from-usa-to-india-a-complete-guide,200
https://www.sflworldwide.com/blog/how-to-ship-clothes,410
https://www.sflworldwide.com/blog/how-to-ship-fishing-rods-internationally,200
https://www.sflworldwide.com/blog/how-to-ship-from-the-usa-to-india,410
https://www.sflworldwide.com/blog/how-to-ship-home-decor-and-furniture-to-canada-from-usa,200
https://www.sflworldwide.com/blog/how-to-ship-large-items,200
https://www.sflworldwide.com/blog/how-to-ship-large-items-a-comprehensive-guide-sfl-worldwide,410
https://www.sflworldwide.com/blog/how-to-ship-packages-as-a-small-business,200
https://www.sflworldwide.com/blog/how-to-ship-perishable-goods-a-step-by-step-guide,200
https://www.sflworldwide.com/blog/how-to-ship-to-china-a-step-by-step-guide-for-beginners,410
https://www.sflworldwide.com/blog/importance-of-insurance-for-shipments-going-to-uk-from-us,410
https://www.sflworldwide.com/blog/inbound-and-outbound-logistics-whats-the-difference,200
https://www.sflworldwide.com/blog/incoterms-everything-you-need-to-know,200
https://www.sflworldwide.com/blog/international-car-shipping-from-usa,410
https://www.sflworldwide.com/blog/international-courier-service-in-hyderabad,410
https://www.sflworldwide.com/blog/international-priority-shipping-with-fedex,410
https://www.sflworldwide.com/blog/international-shipping-of-vinyl-records,200
https://www.sflworldwide.com/blog/international-shipping-to-canada-your-comprehensive-guide-with-sfl-worldwide,410
https://www.sflworldwide.com/blog/international-shipping-to-china-cost-delivery-options-and-smart-hacks,410
https://www.sflworldwide.com/blog/international-shipping-to-india-made-easy-with-sfl-worldwide,410
https://www.sflworldwide.com/blog/international-shipping-to-india-what-you-can-and-cannot-send,200
https://www.sflworldwide.com/blog/international-vitamins-shipping-guide-2023,200
https://www.sflworldwide.com/blog/is-it-worth-moving-to-usa-from-india,200
https://www.sflworldwide.com/blog/is-it-worth-shipping-tv-from-usa-to-india,410
https://www.sflworldwide.com/blog/key-differences-between-backlog-and-backorder,200
https://www.sflworldwide.com/blog/large-items-shipping-strategies-australia,410
https://www.sflworldwide.com/blog/local-vs-nationwide-car-shipping-find-the-best-option,410
https://www.sflworldwide.com/blog/logistics-erp-software,410
https://www.sflworldwide.com/blog/logistics-industry-trends-for-2023,200
https://www.sflworldwide.com/blog/ltl-shipping-and-its-benefits,200
https://www.sflworldwide.com/blog/methods-and-techniques-for-shipping-furniture-to-the-uae,200
https://www.sflworldwide.com/blog/misshipments-what-are-they-happen-and-how-do-they-impact-your-business,200
https://www.sflworldwide.com/blog/most-affordable-shipping-options-to-canada,410
https://www.sflworldwide.com/blog/move-to-switzerland-from-us-guide,410
https://www.sflworldwide.com/blog/moving-from-the-us-to-dubai-heres-a-shipping-checklist-to-help-you-by-sfl-worldwide,410
https://www.sflworldwide.com/blog/moving-guide-to-lubbock-texas,200
https://www.sflworldwide.com/blog/moving-to-dublin-from-us-air-vs-sea-freight,410
https://www.sflworldwide.com/blog/moving-to-germany-from-usa-with-family,200
https://www.sflworldwide.com/blog/moving-to-india-from-the-usa-a-complete-relocation-guide,200
https://www.sflworldwide.com/blog/moving-to-ireland-a-comprehensive-step-by-step-guide,410
https://www.sflworldwide.com/blog/moving-to-ireland-from-us-pros-and-cons,200
https://www.sflworldwide.com/blog/moving-to-sweden-from-usa-shipping-guide,410
https://www.sflworldwide.com/blog/moving-to-texas-guide,200
https://www.sflworldwide.com/blog/multi-carrier-shipping-and-its-benefits,200
https://www.sflworldwide.com/blog/national-car-transport-vector-connecting-you-coast-to-coast,200
https://www.sflworldwide.com/blog/packaging-101-an-inside-out-look-at-perfect-packing,410
https://www.sflworldwide.com/blog/packaging-for-shipping-to-uk-from-usa,410
https://www.sflworldwide.com/blog/packing-tips-for-shipping-fragile-items-to-uk,410
https://www.sflworldwide.com/blog/paying-for-excess-baggage-vs-shipping-your-cargo,200
https://www.sflworldwide.com/blog/periodic-inventory-systems-a-comprehensive-guide,200
https://www.sflworldwide.com/blog/physical-inventory-counting-methods-a-detailed-guide,200
https://www.sflworldwide.com/blog/prohibited-and-restricted-items-for-shipping-to-nigeria,200
https://www.sflworldwide.com/blog/pros-and-cons-of-moving-to-houston-texas,200
https://www.sflworldwide.com/blog/pros-cons-of-using-cardboard-for-shipping,410
https://www.sflworldwide.com/blog/reliable-and-affordable-courier-from-us-to-india-with-sfl-worldwide,410
https://www.sflworldwide.com/blog/reliable-usa-to-france-shipping-services-for-personal-business-needs,410
https://www.sflworldwide.com/blog/remote-area-surcharge-what-it-is-and-why-it-matters,200
https://www.sflworldwide.com/blog/seamless-shipping-from-usa-to-uk-your-ultimate-guide-with-sfl-worldwide,410
https://www.sflworldwide.com/blog/send-boxes,200
https://www.sflworldwide.com/blog/send-laptop-from-usa-to-india-costs-process-tips,200
https://www.sflworldwide.com/blog/send-package-to-china-from-the-usa-everything-you-need-to-know,410
https://www.sflworldwide.com/blog/sending-boxes,410
https://www.sflworldwide.com/blog/sending-electronics-to-france-a-guide-with-packing-tips,200
https://www.sflworldwide.com/blog/services-provided-while-relocating-to-abroad-for-your-work,410
https://www.sflworldwide.com/blog/sfl-worldwides-remarkable-journey-from-local-store-to-inc-5000,200
https://www.sflworldwide.com/blog/sharing-a-container-lcl-explained,200
https://www.sflworldwide.com/blog/ship-car-to-ireland-from-usa-cost,200
https://www.sflworldwide.com/blog/ship-from-india,410
https://www.sflworldwide.com/blog/ship-from-usa,410
https://www.sflworldwide.com/blog/ship-internationally,200
https://www.sflworldwide.com/blog/shipping-a-car-from-canada-to-the-us-what-you-need-to-know,200
https://www.sflworldwide.com/blog/shipping-books-to-india-from-usa,200
https://www.sflworldwide.com/blog/shipping-boxes,410
https://www.sflworldwide.com/blog/shipping-boxes-to-nigeria-here-is-what-you-need-to-know,410
https://www.sflworldwide.com/blog/shipping-childrens-items-and-toys-to-nigeria,404
https://www.sflworldwide.com/blog/shipping-cosmetics-to-australia-guide,200
https://www.sflworldwide.com/blog/shipping-documents-from-usa-to-nigeria-a-guide,410
https://www.sflworldwide.com/blog/shipping-electronics-tips-for-packaging,200
https://www.sflworldwide.com/blog/shipping-for-small-businesses-a-comprehensive-guide,410
https://www.sflworldwide.com/blog/shipping-from-the-us-to-australia-bridging-the-pacific-with-sfl-worldwide,200
https://www.sflworldwide.com/blog/shipping-from-the-usa-to-india-a-complete-guide,410
https://www.sflworldwide.com/blog/shipping-from-us-to-australia-factors-impact,410
https://www.sflworldwide.com/blog/shipping-from-usa-to-australia-rules-cost-guide,410
https://www.sflworldwide.com/blog/shipping-from-usa-to-china-factors-impacting-shipping-costs,410
https://www.sflworldwide.com/blog/shipping-from-usa-to-pakistan-with-sfl-worldwide,410
https://www.sflworldwide.com/blog/shipping-from-usa-to-sweden-price-guide,200
https://www.sflworldwide.com/blog/shipping-from-usa-to-uk,410
https://www.sflworldwide.com/blog/shipping-furniture-to-australia-cost-process-guide,200
https://www.sflworldwide.com/blog/shipping-gifts-worldwide-a-comprehensive-guide,410
https://www.sflworldwide.com/blog/shipping-golf-clubs-a-comprehensive-guide,200
https://www.sflworldwide.com/blog/shipping-household-goods-from-usa-to-india-guide,200
https://www.sflworldwide.com/blog/shipping-logistics-trends-for-2023,410
https://www.sflworldwide.com/blog/shipping-luggage-internationally,200
https://www.sflworldwide.com/blog/shipping-machinery-overseas,200
https://www.sflworldwide.com/blog/shipping-makeup-tips-and-tricks-for-packaging-and-delivery,200
https://www.sflworldwide.com/blog/shipping-oxygen-concentrator-from-usa-to-india,200
https://www.sflworldwide.com/blog/shipping-products-to-india-from-usa-checklist,200
https://www.sflworldwide.com/blog/shipping-tape-types-uses-and-best-practices,200
https://www.sflworldwide.com/blog/shipping-to-germany-from-usa-cost-breakdown,410
https://www.sflworldwide.com/blog/shipping-to-the-uk-from-the-usa-step-by-step-process-tips,410
https://www.sflworldwide.com/blog/shipping-to-uae-common-mistakes-to-avoid-when-sending-parcels,410
https://www.sflworldwide.com/blog/shipping-your-motorcycle-from-the-usa-to-india-a-complete-guide,200
https://www.sflworldwide.com/blog/simple-way-to-ship-books-internationally,200
https://www.sflworldwide.com/blog/small-package-shipping-what-you-need-to-know,410
https://www.sflworldwide.com/blog/step-by-step-guide-to-ship-to-pakistan-quickly-and-safely-with-sfl-worldwide,410
https://www.sflworldwide.com/blog/stockout-costs-understanding-impact-and-prevention,200
https://www.sflworldwide.com/blog/tag/tolive,404
https://www.sflworldwide.com/blog/the-benefits-of-door-to-door-nationwide-car-transport-services,200
https://www.sflworldwide.com/blog/the-best-method-for-shipping-furniture-to-nigeria,200
https://www.sflworldwide.com/blog/the-best-shipping-services-for-small-business-in-2023,410
https://www.sflworldwide.com/blog/the-best-way-to-ship-to-canada-a-comprehensive-guide-for-individuals-and-businesses,410
https://www.sflworldwide.com/blog/the-concept-of-drayage-services-what-you-need-to-know,200
https://www.sflworldwide.com/blog/the-influence-of-chinese-logistics-operators-in-u-s-warehousing,200
https://www.sflworldwide.com/blog/the-ultimate-checklist-for-moving-to-new-york-dont-forget-these-essentials,200
https://www.sflworldwide.com/blog/the-ultimate-guide-to-army-air-post-office-apo-shipping,200
https://www.sflworldwide.com/blog/the-ultimate-guide-to-moving-essentials-in-2023,410
https://www.sflworldwide.com/blog/the-ultimate-guide-to-shipping-perfume-safely-and-securely,200
https://www.sflworldwide.com/blog/the-ultimate-guide-to-shipping-to-nigeria-from-the-usa,410
https://www.sflworldwide.com/blog/the-ultimate-guide-to-shipping-your-car,200
https://www.sflworldwide.com/blog/things-to-consider-while-shipping-via-air,410
https://www.sflworldwide.com/blog/tips-for-shipping-electronics-to-singapore-from-usa,200
https://www.sflworldwide.com/blog/tips-on-sending-industrial-equipment-to-singapore-from-usa,410
https://www.sflworldwide.com/blog/tips-to-be-prepared-for-same-day-shipping,410
https://www.sflworldwide.com/blog/top-10-benefits-of-a-distribution-center-you-need-to-know,410
https://www.sflworldwide.com/blog/top-10-benefits-of-an-international-relocation,410
https://www.sflworldwide.com/blog/top-10-challenges-when-shipping-to-india-from-the-usa,410
https://www.sflworldwide.com/blog/top-10-factors-that-affect-shipping-costs,410
https://www.sflworldwide.com/blog/top-10-most-shipped-items-to-uk-from-us,200
https://www.sflworldwide.com/blog/top-5-challenges-of-shipping-food-and-beverages-to-china,410
https://www.sflworldwide.com/blog/top-5-things-to-know-before-shipping-to-mexico-from-the-us,200
https://www.sflworldwide.com/blog/top-9-factors-that-cause-customs-delays-when-shipping-from-usa,410
https://www.sflworldwide.com/blog/top-mistakes-to-avoid-when-shipping-bikes-or-motorcycles-to-india,410
https://www.sflworldwide.com/blog/top-tips-for-shipping-valuable-items-to-uae,410
https://www.sflworldwide.com/blog/top-tips-for-smooth-and-affordable-shipping-to-canada-from-the-us,410
https://www.sflworldwide.com/blog/toy-shipping-from-usa-guide,410
https://www.sflworldwide.com/blog/transit-time-while-shipping-to-australia,410
https://www.sflworldwide.com/blog/types-of-packaging-materials-importance-a-comprehensive-guide,200
https://www.sflworldwide.com/blog/ultimate-guide-to-shipping-furniture-safely-and-stress-free,200
https://www.sflworldwide.com/blog/understanding-eori-numbers-a-detailed-guide,200
https://www.sflworldwide.com/blog/understanding-freight-shipping-classes,200
https://www.sflworldwide.com/blog/understanding-the-difference-between-value-chain-vs-supply-chain,200
https://www.sflworldwide.com/blog/ups-next-day-air-early-the-ultimate-guide,200
https://www.sflworldwide.com/blog/ups-next-day-air-get-packages-delivered-by-1030-am,410
https://www.sflworldwide.com/blog/ups-next-day-air-saver-your-solution-for-urgent-shipments,410
https://www.sflworldwide.com/blog/ups-vs-usps,200
https://www.sflworldwide.com/blog/us-custom-declaration-form-all-you-need-to-know,200
https://www.sflworldwide.com/blog/usa-courier-services,200
https://www.sflworldwide.com/blog/usa-to-india-container-shipping-cost,200
https://www.sflworldwide.com/blog/usa-to-india-shipping-cost-per-kg,200
https://www.sflworldwide.com/blog/vat-tax-and-gst-tax-what-is-it,200
https://www.sflworldwide.com/blog/what-are-corrugated-boxes-the-different-uses-and-types-of-corrugated-packaging,200
https://www.sflworldwide.com/blog/what-are-inventory-buffers,200
https://www.sflworldwide.com/blog/what-are-inventory-levels,200
https://www.sflworldwide.com/blog/what-are-the-best-carriers-for-shipping-to-nigeria,410
https://www.sflworldwide.com/blog/what-are-the-different-modes-of-shipping,200
https://www.sflworldwide.com/blog/what-are-the-mistakes-to-avoid-when-shipping-to-france,410
https://www.sflworldwide.com/blog/what-are-the-weight-and-size-limits-for-ups-shipping,200
https://www.sflworldwide.com/blog/what-does-pre-shipment-mean,200
https://www.sflworldwide.com/blog/what-does-shipment-exception-mean,200
https://www.sflworldwide.com/blog/what-happens-if-you-refuse-to-pay-customs-duty-in-india,200
https://www.sflworldwide.com/blog/what-is-a-bonded-carrier-and-its-benefit-for-your-business,200
https://www.sflworldwide.com/blog/what-is-a-courier-service-everything-you-need-to-know,200
https://www.sflworldwide.com/blog/what-is-a-customs-bond-and-why-is-it-needed,200
https://www.sflworldwide.com/blog/what-is-a-dark-store-model,200
https://www.sflworldwide.com/blog/what-is-a-freight-charge,200
https://www.sflworldwide.com/blog/what-is-a-house-airway-bill,200
https://www.sflworldwide.com/blog/what-is-a-hybrid-courier-all-you-need-to-know,200
https://www.sflworldwide.com/blog/what-is-an-hs-code-everything-you-need-to-know,200
https://www.sflworldwide.com/blog/what-is-batch-picking,200
https://www.sflworldwide.com/blog/what-is-blind-shipping-and-how-do-businesses-use-it,200
https://www.sflworldwide.com/blog/what-is-bonded-warehousing,200
https://www.sflworldwide.com/blog/what-is-devanning-and-why-you-need-devanning-services,200
https://www.sflworldwide.com/blog/what-is-dhl-shipping-rates-tracking-and-calculator,410
https://www.sflworldwide.com/blog/what-is-digital-logistics-and-how-does-it-help-your-business,200
https://www.sflworldwide.com/blog/what-is-dispatch-management-all-you-need-to-know,200
https://www.sflworldwide.com/blog/what-is-domestic-shipment,200
https://www.sflworldwide.com/blog/what-is-double-blind-shipment,410
https://www.sflworldwide.com/blog/what-is-dunnage-in-shipping,200
https://www.sflworldwide.com/blog/what-is-economy-shipping,200
https://www.sflworldwide.com/blog/what-is-obsolete-inventory-and-how-to-prevent-it,200
https://www.sflworldwide.com/blog/what-is-palletization,200
https://www.sflworldwide.com/blog/what-is-sea-freight-and-when-it-is-used-in-shipping,200
https://www.sflworldwide.com/blog/what-is-shipping-insurance-and-why-is-it-necessary,200
https://www.sflworldwide.com/blog/what-is-standard-shipping-and-how-long-is-standard-shipping,200
https://www.sflworldwide.com/blog/what-is-the-cheapest-overnight-shipping-options,200
https://www.sflworldwide.com/blog/what-is-the-cost-of-shipping-from-usa-to-india,410
https://www.sflworldwide.com/blog/what-items-are-not-allowed-to-ship-to-india-from-the-usa,200
https://www.sflworldwide.com/blog/what-shipping-methods-are-available-to-nigeria,410
https://www.sflworldwide.com/blog/what-will-trumps-win-mean-for-the-logistics-industry,410
https://www.sflworldwide.com/blog/whats-a-scac-code-a-complete-guide-for-shippers-and-businesses,200
https://www.sflworldwide.com/blog/whats-the-cheapest-next-day-shipping-service,200
https://www.sflworldwide.com/blog/whats-the-cheapest-shipping-company-to-use-this-holiday,200
https://www.sflworldwide.com/blog/whats-the-difference-between-express-and-economy-shipping-to-india,200
https://www.sflworldwide.com/blog/whats-the-process-for-sending-personal-items-vs-business-shipments,200
https://www.sflworldwide.com/blog/which-is-better-fedex-or-ups-a-comparison,200
https://www.sflworldwide.com/blog/which-states-liquor-be-shipped,200
https://www.sflworldwide.com/blog/who-has-to-pay-customs-duty-and-how,410
https://www.sflworldwide.com/blog/why-carbon-neutral-shipping-is-the-future-of-logistics,200
https://www.sflworldwide.com/blog/will-my-package-be-subject-to-customs-charges,410
https://www.sflworldwide.com/carriers,200
https://www.sflworldwide.com/carriers/shipping-with-dhl,200
https://www.sflworldwide.com/carriers/shipping-with-fedex,200
https://www.sflworldwide.com/carriers/shipping-with-ups,200
https://www.sflworldwide.com/carriers/shipping-with-usps,200
https://www.sflworldwide.com/contact-us,200
https://www.sflworldwide.com/contact-us/contact-support,200
https://www.sflworldwide.com/contact-us/locations,200
https://www.sflworldwide.com/cookie-policy,200
https://www.sflworldwide.com/faq,200
https://www.sflworldwide.com/faq/faqs-about-food-courier-service-from-india-to-usa,200
https://www.sflworldwide.com/faq/frequently-asked-questions-on-shipping-insurance,200
https://www.sflworldwide.com/faq/frequently-asked-questions-to-get-shipping-discounts,200
https://www.sflworldwide.com/faq/how-to-ship-a-wedding-dress,200
https://www.sflworldwide.com/faq/prohibited-items-for-shipping-to-australia,200
https://www.sflworldwide.com/faq/what-is-difference-between-commercial-and-personal-shipment,200
https://www.sflworldwide.com/faq/what-is-the-cost-of-international-shipping,200
https://www.sflworldwide.com/is-sfl-worldwide-legit,200
https://www.sflworldwide.com/privacy-policy,200
https://www.sflworldwide.com/resources,200
https://www.sflworldwide.com/resources/cft-calculator,200
https://www.sflworldwide.com/resources/docs,200
https://www.sflworldwide.com/resources/guide-to-custom-duty-calculator,200
https://www.sflworldwide.com/resources/prohibited-shipping-items,200
https://www.sflworldwide.com/resources/relocation-process,200
https://www.sflworldwide.com/resources/volumetric-weight,200
https://www.sflworldwide.com/search,404
https://www.sflworldwide.com/security,200
https://www.sflworldwide.com/services,200
https://www.sflworldwide.com/services/auto-transport,200
https://www.sflworldwide.com/services/cheapest-domestic-relocation-services,200
https://www.sflworldwide.com/services/domestic-shipping,200
https://www.sflworldwide.com/services/domestic-trucking,200
https://www.sflworldwide.com/services/international-organization-relocations,200
https://www.sflworldwide.com/services/origin-destination-services,200
https://www.sflworldwide.com/services/reliable-international-relocation-services,200
https://www.sflworldwide.com/services/worldwide-shipping,200
https://www.sflworldwide.com/services/worldwide-shipping/shipping-documents-internationally,200
https://www.sflworldwide.com/shipping-for-small-business,200
https://www.sflworldwide.com/shop-us-stores-ship-worldwide,200
https://www.sflworldwide.com/sitemap,200
https://www.sflworldwide.com/terms-and-conditions,200
https://www.sflworldwide.com/worldwide-destinations,200
https://www.sflworldwide.com/worldwide-destinations/moving-companies-in-california,200
https://www.sflworldwide.com/worldwide-destinations/moving-companies-in-texas,200
https://www.sflworldwide.com/worldwide-destinations/shipping-from-canada-to-india,410
https://www.sflworldwide.com/worldwide-destinations/shipping-to-australia,200
https://www.sflworldwide.com/worldwide-destinations/shipping-to-australia/cheapest-moving-to-australia-from-usa,308
https://www.sflworldwide.com/worldwide-destinations/shipping-to-australia/customs-requirements,200
https://www.sflworldwide.com/worldwide-destinations/shipping-to-australia/foods,200
https://www.sflworldwide.com/worldwide-destinations/shipping-to-australia/items-that-can-be-shipped,200
https://www.sflworldwide.com/worldwide-destinations/shipping-to-australia/restricted-items,200
https://www.sflworldwide.com/worldwide-destinations/shipping-to-australia/send-vehicles,200
https://www.sflworldwide.com/worldwide-destinations/shipping-to-belgium,200
https://www.sflworldwide.com/worldwide-destinations/shipping-to-brazil,200
https://www.sflworldwide.com/worldwide-destinations/shipping-to-canada,200
https://www.sflworldwide.com/worldwide-destinations/shipping-to-canada/customs-regulations,200
https://www.sflworldwide.com/worldwide-destinations/shipping-to-chile,200
https://www.sflworldwide.com/worldwide-destinations/shipping-to-china,200
https://www.sflworldwide.com/worldwide-destinations/shipping-to-china/customs-requirements,200
https://www.sflworldwide.com/worldwide-destinations/shipping-to-china/restricted-prohibited-items,200
https://www.sflworldwide.com/worldwide-destinations/shipping-to-china/sending-documents,200
https://www.sflworldwide.com/worldwide-destinations/shipping-to-colombia,200
https://www.sflworldwide.com/worldwide-destinations/shipping-to-denmark,200
https://www.sflworldwide.com/worldwide-destinations/shipping-to-dominican-republic,200
https://www.sflworldwide.com/worldwide-destinations/shipping-to-finland,200
https://www.sflworldwide.com/worldwide-destinations/shipping-to-france,200
https://www.sflworldwide.com/worldwide-destinations/shipping-to-france/detailed-shipping-guide,200
https://www.sflworldwide.com/worldwide-destinations/shipping-to-france/restricted-prohibited-items,200
https://www.sflworldwide.com/worldwide-destinations/shipping-to-germany,200
https://www.sflworldwide.com/worldwide-destinations/shipping-to-ghana,200
https://www.sflworldwide.com/worldwide-destinations/shipping-to-greece,200
https://www.sflworldwide.com/worldwide-destinations/shipping-to-haiti,200
https://www.sflworldwide.com/worldwide-destinations/shipping-to-india,200
https://www.sflworldwide.com/worldwide-destinations/shipping-to-india/a-guide-to-understanding-indian-customs-rules,200
https://www.sflworldwide.com/worldwide-destinations/shipping-to-india/guide-to-indian-customs,200
https://www.sflworldwide.com/worldwide-destinations/shipping-to-india/shipping-boxes-to-india,200
https://www.sflworldwide.com/worldwide-destinations/shipping-to-india/shipping-documents-to-india,200
https://www.sflworldwide.com/worldwide-destinations/shipping-to-india/shipping-tv-to-india,200
https://www.sflworldwide.com/worldwide-destinations/shipping-to-indonesia,200
https://www.sflworldwide.com/worldwide-destinations/shipping-to-ireland,200
https://www.sflworldwide.com/worldwide-destinations/shipping-to-israel,200
https://www.sflworldwide.com/worldwide-destinations/shipping-to-italy,200
https://www.sflworldwide.com/worldwide-destinations/shipping-to-jamaica,200
https://www.sflworldwide.com/worldwide-destinations/shipping-to-japan,200
https://www.sflworldwide.com/worldwide-destinations/shipping-to-kenya,200
https://www.sflworldwide.com/worldwide-destinations/shipping-to-kuwait,200
https://www.sflworldwide.com/worldwide-destinations/shipping-to-lebanon,200
https://www.sflworldwide.com/worldwide-destinations/shipping-to-malaysia,200
https://www.sflworldwide.com/worldwide-destinations/shipping-to-mexico,200
https://www.sflworldwide.com/worldwide-destinations/shipping-to-nepal,200
https://www.sflworldwide.com/worldwide-destinations/shipping-to-netherlands,200
https://www.sflworldwide.com/worldwide-destinations/shipping-to-new-zealand,200
https://www.sflworldwide.com/worldwide-destinations/shipping-to-nigeria,200
https://www.sflworldwide.com/worldwide-destinations/shipping-to-nigeria/prohibited-and-restricted-items-for-shipping-to-nigeria,200
https://www.sflworldwide.com/worldwide-destinations/shipping-to-norway,200
https://www.sflworldwide.com/worldwide-destinations/shipping-to-pakistan,200
https://www.sflworldwide.com/worldwide-destinations/shipping-to-pakistan/shipping-documents-to-pakistan,200
https://www.sflworldwide.com/worldwide-destinations/shipping-to-philippines,200
https://www.sflworldwide.com/worldwide-destinations/shipping-to-poland,200
https://www.sflworldwide.com/worldwide-destinations/shipping-to-portugal,200
https://www.sflworldwide.com/worldwide-destinations/shipping-to-puerto-rico,200
https://www.sflworldwide.com/worldwide-destinations/shipping-to-romania,200
https://www.sflworldwide.com/worldwide-destinations/shipping-to-russia,200
https://www.sflworldwide.com/worldwide-destinations/shipping-to-saudi-arabia,200
https://www.sflworldwide.com/worldwide-destinations/shipping-to-singapore,200
https://www.sflworldwide.com/worldwide-destinations/shipping-to-singapore/comprehensive-guide,200
https://www.sflworldwide.com/worldwide-destinations/shipping-to-singapore/customs-requirements,200
https://www.sflworldwide.com/worldwide-destinations/shipping-to-singapore/restricted-and-prohibited-items,200
https://www.sflworldwide.com/worldwide-destinations/shipping-to-singapore/send-boxes,200
https://www.sflworldwide.com/worldwide-destinations/shipping-to-singapore/send-envelopes,200
https://www.sflworldwide.com/worldwide-destinations/shipping-to-south-africa,200
https://www.sflworldwide.com/worldwide-destinations/shipping-to-spain,200
https://www.sflworldwide.com/worldwide-destinations/shipping-to-spain/how-to-save-money-on-express-delivery-to-barcelona-spain,404
https://www.sflworldwide.com/worldwide-destinations/shipping-to-sweden,200
https://www.sflworldwide.com/worldwide-destinations/shipping-to-switzerland,200
https://www.sflworldwide.com/worldwide-destinations/shipping-to-taiwan,200
https://www.sflworldwide.com/worldwide-destinations/shipping-to-thailand,200
https://www.sflworldwide.com/worldwide-destinations/shipping-to-trinidad-tobago,200
https://www.sflworldwide.com/worldwide-destinations/shipping-to-turkey,200
https://www.sflworldwide.com/worldwide-destinations/shipping-to-uae,200
https://www.sflworldwide.com/worldwide-destinations/shipping-to-uae/customs-requirements,200
https://www.sflworldwide.com/worldwide-destinations/shipping-to-uae/prohibited-items,200
https://www.sflworldwide.com/worldwide-destinations/shipping-to-uae/send-envelopes,200
https://www.sflworldwide.com/worldwide-destinations/shipping-to-uk,200
https://www.sflworldwide.com/worldwide-destinations/shipping-to-uk/customs-regulations,200
https://www.sflworldwide.com/worldwide-destinations/shipping-to-uk/electronic-iteams,308
https://www.sflworldwide.com/worldwide-destinations/shipping-to-uk/electronics-iteams,410
https://www.sflworldwide.com/worldwide-destinations/shipping-to-uk/send-boxes,200
https://www.sflworldwide.com/worldwide-moving,200
https://www.sflworldwide.com/worldwide-moving/moving-to-germany,200
https://www.sflworldwide.com/worldwide-moving/moving-to-india,200
https://www.sflworldwide.com/worldwide-moving/moving-to-ireland,200
https://www.sflworldwide.com/worldwide-moving/moving-to-sweden,200
https://www.sflworldwide.com/worldwide-moving/moving-to-switzerland,200
https://www.sflworldwide.com/your-trusted-partner-in-employee-relocation,200
