query,position,result_url,domain,is_sfl
shipping to india from usa,1,https://dhl.com/in-en/home/ship/shipping-to-usa.html,dhl.com,False
shipping to india from usa,2,https://dhl.com/us-en/home/ship/shipping-to-india.html,dhl.com,False
shipping to india from usa,3,https://us.meest.com/services/service/delivery-to-india,us.meest.com,False
shipping to india from usa,4,https://shoppre.com/cheap-and-fast-shipping-service-from-india-to-usa,shoppre.com,False
shipping to india from usa,5,https://easyship.com/shipping-rate-calculator/usa-to-india,easyship.com,False
shipping to india from usa,6,https://parcelmonkey.com/destinations/asia/india,parcelmonkey.com,False
shipping to india from usa,7,https://atlanticcourier.net/courier-to-usa,atlanticcourier.net,False
shipping to india from usa,8,https://fedex.com/en-in/shipping.html,fedex.com,False
shipping to india from usa,9,https://community.shopify.com/t/whats-the-best-shipping-app-for-beginners-shipping-from-india-to-the-usa/37424,community.shopify.com,False
cheapest way to ship to india from usa,1,https://us.meest.com/services/service/delivery-to-india,us.meest.com,False
cheapest way to ship to india from usa,2,https://easyship.com/blog/cheap-shipping-to-india,easyship.com,False
cheapest way to ship to india from usa,3,https://parcelmonkey.com/destinations/asia/india,parcelmonkey.com,False
cheapest way to ship to india from usa,4,https://quora.com/What-is-the-cheapest-way-to-ship-a-parcel-from-US-to-India,quora.com,False
cheapest way to ship to india from usa,5,https://sflworldwide.com/worldwide-destinations/shipping-to-india,sflworldwide.com,True
cheapest way to ship to india from usa,6,https://atoship.com/blog/cheapest-way-to-ship-a-package-to-india-2026,atoship.com,False
cheapest way to ship to india from usa,7,https://jioworldwide.com/worldwide-destination/shipping-india/,jioworldwide.com,False
cheapest way to ship to india from usa,8,https://coolparcel.com/shipping/international/asia/india,coolparcel.com,False
cheapest way to ship to india from usa,9,https://teamblind.com/post/courier-to-india-2xvxuxdo,teamblind.com,False
courier from usa to india,1,https://us.meest.com/services/service/delivery-to-india,us.meest.com,False
courier from usa to india,2,https://dhl.com/us-en/home/ship/shipping-to-india.html,dhl.com,False
courier from usa to india,3,https://sflworldwide.com/worldwide-destinations/shipping-to-india,sflworldwide.com,True
courier from usa to india,4,https://garudavega.com/,garudavega.com,False
courier from usa to india,5,https://shipindus.com/courier/international-courier-from-usa-to-india,shipindus.com,False
courier from usa to india,6,https://jioworldwide.com/worldwide-destination/shipping-india/,jioworldwide.com,False
courier from usa to india,7,https://shipindus.com/courier/courier-to-india-from-usa,shipindus.com,False
courier from usa to india,8,https://usa.dtdc.com/,usa.dtdc.com,False
courier from usa to india,9,https://coolparcel.com/shipping/international/asia/india,coolparcel.com,False
shipping to pakistan from usa,1,https://qwintry.com/en/pk,qwintry.com,False
shipping to pakistan from usa,2,https://us.meest.com/services/service/delivery-to-pakistan,us.meest.com,False
shipping to pakistan from usa,3,https://easyship.com/shipping-rate-calculator/usa-to-pakistan,easyship.com,False
shipping to pakistan from usa,4,https://parcelmonkey.com/destinations/asia/pakistan,parcelmonkey.com,False
shipping to pakistan from usa,5,https://shipnex.com/ocean-freight/pakistan,shipnex.com,False
shipping to pakistan from usa,6,https://fedex.com/en-pk/home.html,fedex.com,False
shipping to pakistan from usa,7,https://pakistancargousa.com/,pakistancargousa.com,False
shipping to pakistan from usa,8,https://panjiva.com/US-Overseas/4482004,panjiva.com,False
shipping to pakistan from usa,9,https://panjiva.com/Freight-Connection-Pakistan-Pvt-Ltd/39735883,panjiva.com,False
cheapest shipping to canada from usa,1,https://goshippo.com/blog/shipping-to-canada-from-the-us,goshippo.com,False
cheapest shipping to canada from usa,2,https://parcelmonkey.com/destinations/north-america/canada,parcelmonkey.com,False
cheapest shipping to canada from usa,3,https://try.sendle.com/en-ca/ship-to-the-united-states,try.sendle.com,False
cheapest shipping to canada from usa,4,https://secureship.ca/shipping/canada-to-usa,secureship.ca,False
cheapest shipping to canada from usa,5,https://shipstation.com/blog/the-cheapest-way-to-ship-from-the-us-to-canada/,shipstation.com,False
cheapest shipping to canada from usa,6,https://stallion.ca/blog/cheapest-way-to-ship-from-canada-to-us/,stallion.ca,False
cheapest shipping to canada from usa,7,https://canadapost-postescanada.ca/cpc/en/personal/send-internationally/compare-services/small-packet-usa.page,canadapost-postescanada.ca,False
cheapest shipping to canada from usa,8,https://open.mit.edu/profile/(path not recorded),open.mit.edu,False
cheapest shipping to canada from usa,9,https://ilde2.upf.edu/edcrumble/v/y00,ilde2.upf.edu,False
cheap shipping to uk from usa,1,https://clickpost.ai/blog/cheapest-shipping-from-usa-to-uk,clickpost.ai,False
cheap shipping to uk from usa,2,https://goshippo.com/blog/international-shipping-101-shipping-to-the-uk-from-the-us,goshippo.com,False
cheap shipping to uk from usa,3,https://parcelmonkey.com/destinations/europe/uk,parcelmonkey.com,False
cheap shipping to uk from usa,4,https://easyship.com/blog/cheapest-shipping-from-usa-to-the-uk,easyship.com,False
cheap shipping to uk from usa,5,https://easyship.com/blog/cheapest-way-to-ship-to-the-uk,easyship.com,False
cheap shipping to uk from usa,6,https://sherpr.com/en-us/shipping/to-uk-from-usa/,sherpr.com,False
cheap shipping to uk from usa,7,https://jioworldwide.com/worldwide-destination/shipping-united-kingdom/,jioworldwide.com,False
cheap shipping to uk from usa,8,https://splicepackages.com/destinations/shipping-usa-to-united-kingdom,splicepackages.com,False
cheap shipping to uk from usa,9,https://jackcooper.com/cheapest-shipping-from-usa-to-uk-complete-guide/,jackcooper.com,False
cheap shipping to australia from usa,1,https://goshippo.com/blog/shipping-to-australia-from-the-usa-rules-costs-and-options,goshippo.com,False
cheap shipping to australia from usa,2,https://easyship.com/blog/cheapest-way-to-ship-to-australia,easyship.com,False
cheap shipping to australia from usa,3,https://parcelmonkey.com/destinations/oceania/australia,parcelmonkey.com,False
cheap shipping to australia from usa,4,https://easyship.com/en-au/shipping-rate-calculator/australia-to-usa,easyship.com,False
cheap shipping to australia from usa,5,https://shipstation.com/blog/cheapest-shipping-to-australia/,shipstation.com,False
cheap shipping to australia from usa,6,https://us.meest.com/news/how-to-ship-to-australia-from-the-us-a-beginners-guide,us.meest.com,False
cheap shipping to australia from usa,7,https://dhl.com/us-en/home/ship/shipping-to-australia.html,dhl.com,False
cheap shipping to australia from usa,8,https://community.ebay.com/(path not recorded),community.ebay.com,False
cheap shipping to australia from usa,9,https://wise.com/au/blog/shipping-from-us-to-australia,wise.com,False
shipping to uae from usa,1,https://searates.com/blog/post/how-to-ship-from-the-uae-to-the-usa,searates.com,False
shipping to uae from usa,2,https://easyship.com/shipping-rate-calculator/usa-to-uae,easyship.com,False
shipping to uae from usa,3,https://myus.com/where-we-ship/united-arab-emirates/,myus.com,False
shipping to uae from usa,4,https://easyship.com/en-ae/shipping-rate-calculator/uae-to-usa,easyship.com,False
shipping to uae from usa,5,https://parcelmonkey.com/destinations/middle-east/uae,parcelmonkey.com,False
shipping to uae from usa,6,https://huddex.com/blogs/international-shipping-from-dubai-to-the-usa-2025-guided,huddex.com,False
shipping to uae from usa,7,https://theallianceshipping.com/cargo-from-dubai-to-usa/,theallianceshipping.com,False
shipping to uae from usa,8,https://community.ebay.com/(path not recorded),community.ebay.com,False
shipping to uae from usa,9,https://trade.gov/market-intelligence/uae-blue-economy,trade.gov,False
shipping to nigeria from usa,1,https://dhl.com/us-en/home/ship/shipping-to-nigeria.html,dhl.com,False
shipping to nigeria from usa,2,https://instagram.com/p/DUGlur2jCVe/,instagram.com,False
shipping to nigeria from usa,3,https://parcelmonkey.com/destinations/africa/nigeria,parcelmonkey.com,False
shipping to nigeria from usa,4,https://internationalshippingusa.com/Shipping_to_Nigeria.aspx,internationalshippingusa.com,False
shipping to nigeria from usa,5,https://cargonaija.com/cargo-to-nigeria-from-usa/,cargonaija.com,False
shipping to nigeria from usa,6,https://cargonaija.com/send-from-nigeria-to-usa/,cargonaija.com,False
shipping to nigeria from usa,7,https://sgkglobal.com/best-shipping-company-usa-to-nigeria/,sgkglobal.com,False
shipping to nigeria from usa,8,https://forums.tomsguide.com/(path not recorded),forums.tomsguide.com,False
shipping to nigeria from usa,9,https://forums.tomsguide.com/(path not recorded),forums.tomsguide.com,False
shipping to ghana from usa,1,https://us.meest.com/services/service/delivery-to-ghana,us.meest.com,False
shipping to ghana from usa,2,https://shipbob.com/shipping-from-us/to-ghana/,shipbob.com,False
shipping to ghana from usa,3,https://aquantuo.com/shipping-from-ghana-to-usa,aquantuo.com,False
shipping to ghana from usa,4,https://aquantuo.com/shipping-to-ghana-from-usa,aquantuo.com,False
shipping to ghana from usa,5,https://easyship.com/shipping-rate-calculator/usa-to-ghana,easyship.com,False
shipping to ghana from usa,6,https://fedex.com/en-gh/shipping.html,fedex.com,False
shipping to ghana from usa,7,https://facebook.com/groups/(path not recorded),facebook.com,False
shipping to ghana from usa,8,https://internationalshippingusa.com/Shipping_to_Ghana.aspx,internationalshippingusa.com,False
shipping to ghana from usa,9,https://forums.tomsguide.com/(path not recorded),forums.tomsguide.com,False
international moving companies,1,https://allied.com/international-moving-company/international-moving,allied.com,False
international moving companies,2,https://unitedvanlines.com/moving-services/international-moving,unitedvanlines.com,False
international moving companies,3,https://allied.com/moving-companies/california/los-angeles/los-angeles-international-movers,allied.com,False
international moving companies,4,https://en.wikipedia.org/wiki/Classic_Moving,en.wikipedia.org,False
international moving companies,5,https://suddath.com/moving-company/seattle/international-movers/,suddath.com,False
international moving companies,6,https://schumachercargo.com/moving/moving-from-new-york.html,schumachercargo.com,False
international moving companies,7,https://yelp.com/search?x,yelp.com,False
international moving companies,8,https://schumachercargo.com/moving/moving-from-california.html,schumachercargo.com,False
international moving companies,9,https://sacramentomover.net/(path not recorded),sacramentomover.net,False
international moving companies,10,https://lincolnmovingandstorage.com/(path not recorded),lincolnmovingandstorage.com,False
international movers usa to india,1,https://sevenseasworldwide.com/en-us/moving/international-relocation/india/,sevenseasworldwide.com,False
international movers usa to india,2,https://globalvanlines.com/location/intl/india/,globalvanlines.com,False
international movers usa to india,3,https://agarwalpackers.us/us-to-india.html,agarwalpackers.us,False
international movers usa to india,4,https://jioworldwide.com/worldwide-moving/moving-to-india/,jioworldwide.com,False
international movers usa to india,5,https://jioworldwide.com/worldwide-moving/house-moving-to-india/,jioworldwide.com,False
international movers usa to india,6,https://internationalmoving.com/moving-to-india/,internationalmoving.com,False
international movers usa to india,7,https://universalrelocations.com/shipping-to-india-from-usa/,universalrelocations.com,False
international movers usa to india,8,https://threemovers.com/moving-companies-usa-to-india/,threemovers.com,False
international movers usa to india,9,https://earthrelocation.com/moving-to-india-from-us/,earthrelocation.com,False
moving to australia from usa movers cost,1,https://movebuddha.com/blog/moving-to-australia-from-usa/,movebuddha.com,False
moving to australia from usa movers cost,2,https://internationalvanlines.com/cost-of-moving-to-australia/,internationalvanlines.com,False
moving to australia from usa movers cost,3,https://schumachercargo.com/au/moving-to-australia-from-us.html,schumachercargo.com,False
moving to australia from usa movers cost,4,https://sirelo.com/moving-abroad/moving-to-australia/,sirelo.com,False
moving to australia from usa movers cost,5,https://movehub.com/us/international-moving/australia/,movehub.com,False
moving to australia from usa movers cost,6,https://internationalvanlines.com/moving-from-usa-to-australia/,internationalvanlines.com,False
moving to australia from usa movers cost,7,https://threemovers.com/how-much-does-it-cost-to-move-to-australia/,threemovers.com,False
moving to australia from usa movers cost,8,https://threemovers.com/move-to-australia-from-usa/,threemovers.com,False
moving to australia from usa movers cost,9,https://wise.com/us/blog/moving-to-australia-guide-for-expats,wise.com,False
moving to germany from usa shipping household goods,1,https://schumachercargo.com/moving-from-germany-to-the-usa-your-complete-guide-to-shipping-household-goods/,schumachercargo.com,False
moving to germany from usa shipping household goods,2,https://schumachercargo.com/de/moving-to-germany-from-us.html,schumachercargo.com,False
moving to germany from usa shipping household goods,3,https://sevenseasworldwide.com/en-us/shipping/shipping-to-destinations/germany/,sevenseasworldwide.com,False
moving to germany from usa shipping household goods,4,https://germany.info/us-en/moving-966174,germany.info,False
moving to germany from usa shipping household goods,5,https://move.org/how-to-move-to-germany/,move.org,False
moving to germany from usa shipping household goods,6,https://expertsforexpats.com/(path not recorded),expertsforexpats.com,False
moving to germany from usa shipping household goods,7,https://movehub.com/us/international-shipping/germany/,movehub.com,False
moving to germany from usa shipping household goods,8,https://internationalmoving.com/moving-to-germany/,internationalmoving.com,False
moving to germany from usa shipping household goods,9,https://ameritransfreight.com/shipping-to-germany-from-usa/,ameritransfreight.com,False
cost to move to ireland from usa,1,https://movebuddha.com/blog/moving-to-ireland/,movebuddha.com,False
cost to move to ireland from usa,2,https://allied.com/international-moving-company/areas-served/moving-to-ireland,allied.com,False
cost to move to ireland from usa,3,https://us.iasservices.org.uk/emigrate-from-usa-to-ireland/,us.iasservices.org.uk,False
cost to move to ireland from usa,4,https://sflworldwide.com/blog/how-much-is-it-to-move-to-ireland-from-us,sflworldwide.com,True
cost to move to ireland from usa,5,https://upakweship.com/blog/moving-to-ireland-from-usa/,upakweship.com,False
cost to move to ireland from usa,6,https://jordanrivermoving.com/moving-to-ireland/,jordanrivermoving.com,False
cost to move to ireland from usa,7,https://nationalvanlines.com/blog/moving-to-ireland-from-the-united-states/,nationalvanlines.com,False
cost to move to ireland from usa,8,https://lovetovisitireland.com/cost-move-ireland-from-us-2026/,lovetovisitireland.com,False
cost to move to ireland from usa,9,https://skyscanner.com/routes/ie/us/ireland-to-united-states.html,skyscanner.com,False
ship a car overseas from usa,1,https://wcshipping.com/,wcshipping.com,False
ship a car overseas from usa,2,https://wcshipping.com/international-car-shipping,wcshipping.com,False
ship a car overseas from usa,3,https://schumachercargo.com/car-shipping/,schumachercargo.com,False
ship a car overseas from usa,4,https://fmc.gov/about/bureaus-offices/consumer-affairs-dispute-resolution-services/shipping-your-vehicle-overseas/,fmc.gov,False
ship a car overseas from usa,5,https://sflworldwide.com/blog/international-car-shipping-from-usa,sflworldwide.com,True
ship a car overseas from usa,6,https://moveadvisor.com/move/how-to-ship-a-car-overseas/,moveadvisor.com,False
ship a car overseas from usa,7,https://air7seas.com/blog/shipping-car-to-USA,air7seas.com,False
ship a car overseas from usa,8,https://usgshipping.com/shipping-services/shipping-cars-overseas/,usgshipping.com,False
ship a car overseas from usa,9,https://forbes.com/home-improvement/moving-services/ship-car-from-usa/,forbes.com,False
car shipping usa to uk cost,1,https://wcshipping.com/uk,wcshipping.com,False
car shipping usa to uk cost,2,https://schumachercargo.com/uk/car-shipping-to-uk.html,schumachercargo.com,False
car shipping usa to uk cost,3,https://shipmycar.co.uk/shipping-a-car-to-uk-from-usa,shipmycar.co.uk,False
car shipping usa to uk cost,4,https://alltransportdepot.com/ship-car-to-united-kingdom/,alltransportdepot.com,False
car shipping usa to uk cost,5,https://ivssuk.com/vehicle-shipping-from-the-usa-to-uk/,ivssuk.com,False
car shipping usa to uk cost,6,https://cfrclassic.com/international-car-shipping/car-shipping-from-usa-to-uk/,cfrclassic.com,False
car shipping usa to uk cost,7,https://a1autotransport.com/ship-car-to-uk-united-kingdom/,a1autotransport.com,False
car shipping usa to uk cost,8,https://brlogistics.net/us/ship-car/to-united-kingdom/,brlogistics.net,False
car shipping usa to uk cost,9,https://import-car.info/shipping/,import-car.info,False
auto transport companies,1,https://en.wikipedia.org/wiki/Auto_transport_broker,en.wikipedia.org,False
auto transport companies,2,https://cars.com/car-shipping/money/best-car-shipping-companies-florida/,cars.com,False
auto transport companies,3,https://montway.com/,montway.com,False
auto transport companies,4,https://cars.usnews.com/cars-trucks/car-shipping/best-car-shipping-companies,cars.usnews.com,False
auto transport companies,5,https://roadrunnerautotransport.com/florida/miami-car-shipping,roadrunnerautotransport.com,False
auto transport companies,6,https://sherpaautotransport.com/,sherpaautotransport.com,False
auto transport companies,7,https://sherpaautotransport.com/routes/california-car-shipping/merced/,sherpaautotransport.com,False
auto transport companies,8,https://roadrunnerautotransport.com/florida/sebring-car-shipping,roadrunnerautotransport.com,False
auto transport companies,9,https://yelp.com/search?y,yelp.com,False
us shipping address for international shoppers package forwarding,1,https://en.wikipedia.org/wiki/Package_forwarding,en.wikipedia.org,False
us shipping address for international shoppers package forwarding,2,https://forward2me.com/warehouses/united-states/,forward2me.com,False
us shipping address for international shoppers package forwarding,3,https://forwardme.com/blog/free-us-address,forwardme.com,False
us shipping address for international shoppers package forwarding,4,https://forwardme.com/,forwardme.com,False
us shipping address for international shoppers package forwarding,5,https://opas.com/,opas.com,False
us shipping address for international shoppers package forwarding,6,https://shiptobox.com/blog/us-package-forwarding-explained/,shiptobox.com,False
us shipping address for international shoppers package forwarding,7,https://amforward.com/,amforward.com,False
us shipping address for international shoppers package forwarding,8,https://parcelux.com/us-address/,parcelux.com,False
us shipping address for international shoppers package forwarding,9,https://postfromus.com/,postfromus.com,False
usa to india shipping cost per kg,1,https://reship.com/blog/shipping-to-india-from-the-us-2024,reship.com,False
usa to india shipping cost per kg,2,https://qwintry.com/en/calculator/in,qwintry.com,False
usa to india shipping cost per kg,3,https://us.meest.com/services/service/delivery-to-india,us.meest.com,False
usa to india shipping cost per kg,4,https://sflworldwide.com/blog/usa-to-india-shipping-cost-per-kg,sflworldwide.com,True
usa to india shipping cost per kg,5,https://tiktok.com/discover/(path not recorded),tiktok.com,False
usa to india shipping cost per kg,6,https://dhl.com/us-en/home/ship/shipping-to-india.html,dhl.com,False
usa to india shipping cost per kg,7,https://garudavega.com/international-courier-service-rates,garudavega.com,False
usa to india shipping cost per kg,8,https://freightos.com/shipping-routes/shipping-from-india-to-the-united-states/,freightos.com,False
usa to india shipping cost per kg,9,https://m.indiamart.com/srompl/srompl-services3.html,m.indiamart.com,False
items not allowed to ship to india from usa,1,https://careinsurance.com/travel-insurance/food-items-usa-india,careinsurance.com,False
items not allowed to ship to india from usa,2,https://sociallifemagazine.com/the-archive/what-is-allowed-and-not-allowed-in-a-parcel-to-india-from-the-usa/,sociallifemagazine.com,False
items not allowed to ship to india from usa,3,https://ship.shoppre.com/prohibited-items-what-you-cannot-ship-internationally-from-india/,ship.shoppre.com,False
items not allowed to ship to india from usa,4,https://indianeagle.com/traveldiary/essential-rules-to-carry-food-and-snacks-from-usa-to-india/,indianeagle.com,False
items not allowed to ship to india from usa,5,https://sflworldwide.com/blog/what-items-are-not-allowed-to-ship-to-india-from-the-usa,sflworldwide.com,True
items not allowed to ship to india from usa,6,https://indianeagle.com/traveldiary/essential-rules-to-carry-electronics-from-usa-to-india/,indianeagle.com,False
items not allowed to ship to india from usa,7,https://tripbeam.com/blog/(path not recorded),tripbeam.com,False
items not allowed to ship to india from usa,8,https://universalrelocations.com/products-you-cant-ship-from-usa-to-india/,universalrelocations.com,False
items not allowed to ship to india from usa,9,https://gulfnews.com/(path not recorded),gulfnews.com,False
container shipping cost usa to india,1,https://gocomet.com/blog/shipping-cost-from-usa-to-india/,gocomet.com,False
container shipping cost usa to india,2,https://shapiro.com/shipping-rate-trends/india-to-us/,shapiro.com,False
container shipping cost usa to india,3,https://globy.com/container-shipping-cost/from-india-to-usa,globy.com,False
container shipping cost usa to india,4,https://icontainers.com/ship-container/india/,icontainers.com,False
container shipping cost usa to india,5,https://shipnex.com/ocean-freight/india,shipnex.com,False
container shipping cost usa to india,6,https://freightify.com/ship-containers/india,freightify.com,False
container shipping cost usa to india,7,https://universalrelocations.com/save-big-on-usa-to-india-container-shipping-cost/,universalrelocations.com,False
container shipping cost usa to india,8,https://spglobal.com/(path not recorded),spglobal.com,False
container shipping cost usa to india,9,https://spglobal.com/(path not recorded),spglobal.com,False
how to ship electronics from usa to india customs duty,1,https://goworkwize.com/blog/how-to-ship-laptops-from-the-usa-to-india,goworkwize.com,False
how to ship electronics from usa to india customs duty,2,https://us.meest.com/news/how-to-send-electronics-from-usa-to-india,us.meest.com,False
how to ship electronics from usa to india customs duty,3,https://indianeagle.com/traveldiary/essential-rules-to-carry-electronics-from-usa-to-india/,indianeagle.com,False
how to ship electronics from usa to india customs duty,4,https://indianeagle.com/travelbeats/indian-customs-rules-for-electronic-items-from-usa-to-india/,indianeagle.com,False
how to ship electronics from usa to india customs duty,5,https://quora.com/What-is-the-best-way-to-get-electronics-shipped-from-the-US-to-India,quora.com,False
how to ship electronics from usa to india customs duty,6,https://jioworldwide.com/blog/ship-electronics-from-usa-to-india/,jioworldwide.com,False
how to ship electronics from usa to india customs duty,7,https://jioworldwide.com/worldwide-moving/electronics-shipping-to-india/,jioworldwide.com,False
how to ship electronics from usa to india customs duty,8,https://fgx.com/blog/how-to-ship-electronics-from-usa-to-india,fgx.com,False
how to ship electronics from usa to india customs duty,9,https://universalrelocations.com/customs-rules-for-electronics-shipping-to-india/,universalrelocations.com,False
shipping boxes to india from usa,1,https://sevenseasworldwide.com/en-us/shipping/shipping-to-destinations/india/,sevenseasworldwide.com,False
shipping boxes to india from usa,2,https://dhl.com/us-en/home/ship/shipping-to-india.html,dhl.com,False
shipping boxes to india from usa,3,https://sflworldwide.com/worldwide-destinations/shipping-to-india/shipping-boxes-to-india,sflworldwide.com,True
shipping boxes to india from usa,4,https://quora.com/What-is-the-best-way-to-ship-items-to-India-from-the-USA-mostly-boxes-as-I-am-moving-for-good,quora.com,False
shipping boxes to india from usa,5,https://oceanfreightusa.com/Shipping-boxes-from-USA-to-India.aspx,oceanfreightusa.com,False
shipping boxes to india from usa,6,https://jioworldwide.com/blog/shipping-boxes-to-india-from-usa/,jioworldwide.com,False
shipping boxes to india from usa,7,https://jioworldwide.com/worldwide-destination/boxes-shipping-to-india/,jioworldwide.com,False
shipping boxes to india from usa,8,https://universalrelocations.com/shipping-boxes-to-india/,universalrelocations.com,False
shipping boxes to india from usa,9,https://community.shopify.com/t/(path not recorded),community.shopify.com,False
discounted international shipping rates fedex dhl ups,1,https://easyship.com/discounted-rates,easyship.com,False
discounted international shipping rates fedex dhl ups,2,https://goshippo.com/blog/ups-vs-fedex-vs-dhl-vs-usps-international-shipping-rates-comparison,goshippo.com,False
discounted international shipping rates fedex dhl ups,3,https://lateshipment.com/blog/dhl-vs-fedex-vs-ups/,lateshipment.com,False
discounted international shipping rates fedex dhl ups,4,https://easyship.com/blog/dhl-vs-fedex,easyship.com,False
discounted international shipping rates fedex dhl ups,5,https://stamps.com/compare-rates/cheapest-shipping-rates/,stamps.com,False
discounted international shipping rates fedex dhl ups,6,https://calcurates.com/(path not recorded),calcurates.com,False
discounted international shipping rates fedex dhl ups,7,https://shipstation.com/blog/ups-fedex-and-usps-shipping-discounts/,shipstation.com,False
discounted international shipping rates fedex dhl ups,8,https://fedex.com/en-us/shipping/international/understanding-international-shipping-cost.html,fedex.com,False
discounted international shipping rates fedex dhl ups,9,https://shippingcostcalculator.com/,shippingcostcalculator.com,False
international shipping company usa,1,https://en.wikipedia.org/wiki/International_Freighting_Corporation,en.wikipedia.org,False
international shipping company usa,2,https://en.wikipedia.org/wiki/International_Navigation_Company,en.wikipedia.org,False
international shipping company usa,3,https://us.meest.com/,us.meest.com,False
international shipping company usa,4,https://dhl.com/us-en/home.html,dhl.com,False
international shipping company usa,5,https://easyship.com/blog/most-popular-international-shipping-services,easyship.com,False
international shipping company usa,6,https://shipglobal.us/,shipglobal.us,False
international shipping company usa,7,https://goodfirms.co/(path not recorded),goodfirms.co,False
international shipping company usa,8,https://internationalshippingusa.com/Home.aspx,internationalshippingusa.com,False
international shipping company usa,9,https://international-shipping-services.net/,international-shipping-services.net,False
international shipping company usa,10,https://morganshipping.com/,morganshipping.com,False
shipping to philippines from usa balikbayan box,1,https://lbcexpress.com/us/shipping-services,lbcexpress.com,False
shipping to philippines from usa balikbayan box,2,https://facebook.com/groups/(path not recorded),facebook.com,False
shipping to philippines from usa balikbayan box,3,https://smileswallet.com/(path not recorded),smileswallet.com,False
shipping to philippines from usa balikbayan box,4,https://manilaforwarder.com/balikbayan-box-shipment.html,manilaforwarder.com,False
shipping to philippines from usa balikbayan box,5,https://johnnyair.com/blog/(path not recorded),johnnyair.com,False
shipping to philippines from usa balikbayan box,6,https://pinoyboxdelivery.com/shipping-from-united-states-to-philippines,pinoyboxdelivery.com,False
shipping to philippines from usa balikbayan box,7,https://logocargo.com/,logocargo.com,False
shipping to philippines from usa balikbayan box,8,https://bayanihancargo.com/,bayanihancargo.com,False
shipping to philippines from usa balikbayan box,9,https://stripe.jhu.edu/(path not recorded),stripe.jhu.edu,False
shipping car to ghana from usa,1,https://wcshipping.com/ghana,wcshipping.com,False
shipping car to ghana from usa,2,https://wcshipping.com/blog/importing-to-ghana,wcshipping.com,False
shipping car to ghana from usa,3,https://auto4export.com/blog/(path not recorded),auto4export.com,False
shipping car to ghana from usa,4,https://shipoverseas.com/shipping-car-to-ghana/,shipoverseas.com,False
shipping car to ghana from usa,5,https://aesshipping.com/shipping-your-car-to-ghana-from-the-usa/,aesshipping.com,False
shipping car to ghana from usa,6,https://aesshipping.com/roro-shipping-from-usa-to-ghana/,aesshipping.com,False
shipping car to ghana from usa,7,https://shipnex.com/car-shipping-to-ghana/,shipnex.com,False
shipping car to ghana from usa,8,https://a1autotransport.com/ship-car-to-ghana/,a1autotransport.com,False
shipping car to ghana from usa,9,https://brlogistics.net/us/ship-car/to-ghana/,brlogistics.net,False
moving from new york to texas cost,1,https://movebuddha.com/popular-routes/ny/tx/,movebuddha.com,False
moving from new york to texas cost,2,https://allied.com/moving-companies/new-york/moving-to/texas,allied.com,False
moving from new york to texas cost,3,https://movebuddha.com/popular-routes/ny/tx/new-york-city-to-tx/,movebuddha.com,False
moving from new york to texas cost,4,https://gotrhythm.com/(path not recorded),gotrhythm.com,False
moving from new york to texas cost,5,https://northamerican.com/(path not recorded),northamerican.com,False
moving from new york to texas cost,6,https://moveadvisor.com/usa/routes/new-york-to-dallas-movers,moveadvisor.com,False
moving from new york to texas cost,7,https://colonialvanlines.com/blog/moving-from-new-york-to-texas/,colonialvanlines.com,False
moving from new york to texas cost,8,https://moveadvisor.com/usa/routes/moving-from-new-york-to-houston,moveadvisor.com,False
moving from new york to texas cost,9,https://axios.com/(path not recorded),axios.com,False
shipping food items from india to usa allowed,1,https://careinsurance.com/(path not recorded),careinsurance.com,False
shipping food items from india to usa allowed,2,https://zolve.com/(path not recorded),zolve.com,False
shipping food items from india to usa allowed,3,https://sdcinternationalshipping.com/(path not recorded),sdcinternationalshipping.com,False
shipping food items from india to usa allowed,4,https://indianeagle.com/(path not recorded),indianeagle.com,False
shipping food items from india to usa allowed,5,https://sflworldwide.com/en-in/faq/faqs-about-food-courier-service-from-india-to-usa,sflworldwide.com,True
shipping food items from india to usa allowed,6,https://shipglobal.in/blogs/ship-food-products-from-india-to-usa/,shipglobal.in,False
shipping food items from india to usa allowed,7,https://indianeagle.com/(path not recorded),indianeagle.com,False
shipping food items from india to usa allowed,8,https://desify.in/(path not recorded),desify.in,False
shipping food items from india to usa allowed,9,https://globalindiaexpress.com/(path not recorded),globalindiaexpress.com,False
dimensional weight calculator international shipping,1,https://inchcalculator.com/(path not recorded),inchcalculator.com,False
dimensional weight calculator international shipping,2,https://coleintl.com/(path not recorded),coleintl.com,False
dimensional weight calculator international shipping,3,https://amzprep.com/(path not recorded),amzprep.com,False
dimensional weight calculator international shipping,4,https://shippingeasy.com/(path not recorded),shippingeasy.com,False
dimensional weight calculator international shipping,5,https://omnicalculator.com/(path not recorded),omnicalculator.com,False
dimensional weight calculator international shipping,6,https://page.message.fedex.com/(path not recorded),page.message.fedex.com,False
dimensional weight calculator international shipping,7,https://en.wikipedia.org/wiki/Dimensional_weight,en.wikipedia.org,False
dimensional weight calculator international shipping,8,https://bgiworldwide.com/(path not recorded),bgiworldwide.com,False
dimensional weight calculator international shipping,9,https://shipcorefulfillment.com/(path not recorded),shipcorefulfillment.com,False
dimensional weight calculator international shipping,10,https://pegasuslogistics.com/(path not recorded),pegasuslogistics.com,False
shipping to mexico from usa cheap,1,https://easyship.com/blog/cheapest-way-to-ship-to-mexico,easyship.com,False
shipping to mexico from usa cheap,2,https://dhl.com/mx-en/home/ship/shipping-to-usa.html,dhl.com,False
shipping to mexico from usa cheap,3,https://parcelmonkey.com/destinations/north-america/mexico,parcelmonkey.com,False
shipping to mexico from usa cheap,4,https://sherpr.com/(path not recorded),sherpr.com,False
shipping to mexico from usa cheap,5,https://quora.com/(path not recorded),quora.com,False
shipping to mexico from usa cheap,6,https://welke.com/(path not recorded),welke.com,False
shipping to mexico from usa cheap,7,https://america-ship.com/shipping-services/,america-ship.com,False
shipping to mexico from usa cheap,8,https://facebook.com/groups/(path not recorded),facebook.com,False
shipping to mexico from usa cheap,9,https://community.ebay.com/(path not recorded),community.ebay.com,False
shipping to germany from usa,1,https://dhl.com/us-en/home/ship/shipping-to-germany.html,dhl.com,False
shipping to germany from usa,2,https://easyship.com/en-de/(path not recorded),easyship.com,False
shipping to germany from usa,3,https://easyship.com/shipping-rate-calculator/usa-to-germany,easyship.com,False
shipping to germany from usa,4,https://goshippo.com/blog/international-shipping-104-shipping-to-germany-from-the-us,goshippo.com,False
shipping to germany from usa,5,https://domashipping.com/(path not recorded),domashipping.com,False
shipping to germany from usa,6,https://freightos.com/(path not recorded),freightos.com,False
shipping to germany from usa,7,https://community.ebay.com/(path not recorded),community.ebay.com,False
shipping to germany from usa,8,https://community.ebay.de/(path not recorded),community.ebay.de,False
shipping to germany from usa,9,https://community.ebay.de/(path not recorded),community.ebay.de,False
shipping to new zealand from usa cheapest,1,https://easyship.com/blog/cheapest-shipping-to-nz-from-usa,easyship.com,False
shipping to new zealand from usa cheapest,2,https://parcelmonkey.com/destinations/oceania/new-zealand,parcelmonkey.com,False
shipping to new zealand from usa cheapest,3,https://planetexpress.com/(path not recorded),planetexpress.com,False
shipping to new zealand from usa cheapest,4,https://easyship.com/en-nz/(path not recorded),easyship.com,False
shipping to new zealand from usa cheapest,5,https://dhl.com/us-en/home/ship/shipping-to-new-zealand.html,dhl.com,False
shipping to new zealand from usa cheapest,6,https://jackcooper.com/(path not recorded),jackcooper.com,False
shipping to new zealand from usa cheapest,7,https://fedex.com/en-nz/online/rating.html,fedex.com,False
shipping to new zealand from usa cheapest,8,https://wwwapps.ups.com/(path not recorded),wwwapps.ups.com,False
shipping to new zealand from usa cheapest,9,https://community.etsy.com/(path not recorded),community.etsy.com,False
cheapest international shipping from usa,1,https://easyship.com/blog/what-is-the-cheapest-way-to-ship-internationally,easyship.com,False
cheapest international shipping from usa,2,https://netparcel.com/,netparcel.com,False
cheapest international shipping from usa,3,https://easyship.com/shipping-rate-calculator/usa-to-usa,easyship.com,False
cheapest international shipping from usa,4,https://parcelmonkey.com/international-shipping,parcelmonkey.com,False
cheapest international shipping from usa,5,https://goshippo.com/blog/ups-vs-fedex-vs-dhl-vs-usps-international-shipping-rates-comparison,goshippo.com,False
cheapest international shipping from usa,6,https://shipstation.com/blog/cheapest-international-shipping/,shipstation.com,False
cheapest international shipping from usa,7,https://usps.com/international/mail-shipping-services.htm,usps.com,False
cheapest international shipping from usa,8,https://fedex.com/en-us/shipping/international/understanding-international-shipping-cost.html,fedex.com,False
cheapest international shipping from usa,9,https://community.ebay.com/(path not recorded),community.ebay.com,False
how to ship a tv from usa to india,1,https://northpennnow.com/(path not recorded),northpennnow.com,False
how to ship a tv from usa to india,2,https://freightamigo.com/(path not recorded),freightamigo.com,False
how to ship a tv from usa to india,3,https://sflworldwide.com/blog/is-it-worth-shipping-tv-from-usa-to-india,sflworldwide.com,True
how to ship a tv from usa to india,4,https://sflworldwide.com/blog/how-to-ship-a-tv-from-usa-to-india-a-complete-guide,sflworldwide.com,True
how to ship a tv from usa to india,5,https://sflworldwide.com/worldwide-destinations/shipping-to-india/shipping-tv-to-india,sflworldwide.com,True
how to ship a tv from usa to india,6,https://quora.com/(path not recorded),quora.com,False
how to ship a tv from usa to india,7,https://jioworldwide.com/worldwide-moving/tv-shipping-to-india/,jioworldwide.com,False
how to ship a tv from usa to india,8,https://gandhishipping.com/shipping-tv-from-usa-to-india/,gandhishipping.com,False
how to ship a tv from usa to india,9,https://universalrelocations.com/shipping-tv-to-india/,universalrelocations.com,False
how long does it take to ship from usa to india,1,https://reship.com/blog/shipping-to-india-from-the-us-2024,reship.com,False
how long does it take to ship from usa to india,2,https://shipafreight.com/tradelane/usa-to-india/,shipafreight.com,False
how long does it take to ship from usa to india,3,https://parcelmonkey.com/destinations/asia/india,parcelmonkey.com,False
how long does it take to ship from usa to india,4,https://sflworldwide.com/blog/how-long-does-it-take-to-ship-from-the-usa-to-india,sflworldwide.com,True
how long does it take to ship from usa to india,5,https://quora.com/(path not recorded),quora.com,False
how long does it take to ship from usa to india,6,https://quora.com/(path not recorded),quora.com,False
how long does it take to ship from usa to india,7,https://atlanticcourier.net/(path not recorded),atlanticcourier.net,False
how long does it take to ship from usa to india,8,https://answers.com/(path not recorded),answers.com,False
how long does it take to ship from usa to india,9,https://freightamigo.com/(path not recorded),freightamigo.com,False
how long does it take to ship from usa to india,10,https://community.ebay.com/(path not recorded),community.ebay.com,False
moving to india from usa relocation guide,1,https://crownrelo.com/usa/en-us/moving-to/india,crownrelo.com,False
moving to india from usa relocation guide,2,https://wise.com/us/blog/moving-to-india-guide-for-expats,wise.com,False
moving to india from usa relocation guide,3,https://internationalvanlines.com/how-to-move-to-india-from-the-us/,internationalvanlines.com,False
moving to india from usa relocation guide,4,https://sflworldwide.com/blog/moving-to-india-from-the-usa-a-complete-relocation-guide,sflworldwide.com,True
moving to india from usa relocation guide,5,https://freightamigo.com/(path not recorded),freightamigo.com,False
moving to india from usa relocation guide,6,https://jioworldwide.com/blog/moving-back-to-india-from-usa-checklist/,jioworldwide.com,False
moving to india from usa relocation guide,7,https://earthrelocation.com/moving-to-india-from-us/,earthrelocation.com,False
moving to india from usa relocation guide,8,https://sunsetmoving.com/moving-to-india/,sunsetmoving.com,False
moving to india from usa relocation guide,9,https://wemoveanywhere.com/(path not recorded),wemoveanywhere.com,False
shipping luggage to india from usa,1,https://sevenseasworldwide.com/en-us/shipping/shipping-to-destinations/india/,sevenseasworldwide.com,False
shipping luggage to india from usa,2,https://mybaggage.com/shipping/us/luggage-to-india/,mybaggage.com,False
shipping luggage to india from usa,3,https://luggagetoship.com/shipping-luggage-to-india,luggagetoship.com,False
shipping luggage to india from usa,4,https://luggagetoship.com/countries/shipping-to-india,luggagetoship.com,False
shipping luggage to india from usa,5,https://eelway.com/(path not recorded),eelway.com,False
shipping luggage to india from usa,6,https://shipnex.com/international-luggage-shipping/india,shipnex.com,False
shipping luggage to india from usa,7,https://universalrelocations.com/top-5-affordable-ways-to-ship-luggage-to-india-from-usa/,universalrelocations.com,False
shipping luggage to india from usa,8,https://universalrelocations.com/baggage-shipping/,universalrelocations.com,False
shipping luggage to india from usa,9,https://discountshipping.us/shipping-to-india/,discountshipping.us,False
shipping to china from usa cheapest,1,https://easyship.com/shipping-rate-calculator/usa-to-china,easyship.com,False
shipping to china from usa cheapest,2,https://goshippo.com/blog/shipping-to-china-from-the-us-rules-costs-options,goshippo.com,False
shipping to china from usa cheapest,3,https://easyship.com/blog/cheapest-way-to-ship-to-china,easyship.com,False
shipping to china from usa cheapest,4,https://parcelmonkey.com/destinations/asia/china,parcelmonkey.com,False
shipping to china from usa cheapest,5,https://dhl.com/us-en/home/ship/shipping-from-china.html,dhl.com,False
shipping to china from usa cheapest,6,https://quora.com/(path not recorded),quora.com,False
shipping to china from usa cheapest,7,https://jioworldwide.com/worldwide-destination/shipping-china/,jioworldwide.com,False
shipping to china from usa cheapest,8,https://wise.com/us/blog/shipping-from-china-to-usa,wise.com,False
shipping to china from usa cheapest,9,https://community.ebay.com/(path not recorded),community.ebay.com,False
