cluster,keyword,ai_overview_present,cited_domains
1 · White-label / agency,best white label ai voice agent platform for agencies,yes,
1 · White-label / agency,white label voice ai for agencies,yes,
1 · White-label / agency,white label ai voice agent reseller platform,yes,
1 · White-label / agency,ai voice agent platform gohighlevel white label,yes,
1 · White-label / agency,how to start an ai voice agent agency,yes,
1 · White-label / agency,cheapest white label voice ai,yes,
1 · White-label / agency,vapi white label alternative for agencies,yes,
1 · White-label / agency,retell ai white label alternative,yes,
2 · Enterprise voice automation,ai voice agent for contact center,yes,
2 · Enterprise voice automation,hipaa compliant ai voice agent,yes,
2 · Enterprise voice automation,ai voice agent that integrates with crm,yes,
2 · Enterprise voice automation,low latency ai voice agent enterprise,yes,
3 · AI answering / receptionist,best ai receptionist for small business,yes,getaira.io;goodcall.com;marblism.com;ringcentral.com;smith.ai;vellum.ai;youtube.com
3 · AI answering / receptionist,ai answering service for small business,yes,getaira.io;heyrosie.com;reddit.com;ringcentral.com;smith.ai
3 · AI answering / receptionist,24/7 ai phone answering service,yes,
3 · AI answering / receptionist,ai receptionist for hvac,yes,elevenlabs.io;getaira.io;getnextphone.com;ring-ready.com;smith.ai;trillet.ai;voksha.com;youtube.com
3 · AI answering / receptionist,ai receptionist for dental office,yes,dentalintel.com;dentina.ai;dentistryiq.com;groupdentistrynow.com;hellopatient.com;oralhealthgroup.com;tensorlinks.com
3 · AI answering / receptionist,affordable ai receptionist under 100,yes,
