referring_domain,rank,backlinks,nofollow_links,referring_pages
toolidx.com,172,20,0,20
chinaz.tv,147,106,0,106
aiseekify.com,140,21,9,18
best-ai-tools.org,117,188,3,48
topai.tools,109,796,502,794
best-ai.org,102,117,2,30
askaiforit.com,99,16,0,9
creati.ai,95,36,0,30
toolify.ai,89,93,71,82
seektool.ai,87,1395,1105,1112
statusfield.com,85,7,0,7
agentery.com,84,5,0,3
luxoret.com,82,11,0,9
brainszone.ai,79,4,0,2
resourcelinkai.com,79,9,0,2
aieep.ai,79,20,16,18
xx7ai.com,77,19,0,13
producthunt.com,63,8,0,4
zhuaqian.cn,61,13,0,13
aiqlabs.ai,61,15,0,15
eliteaiappstore.com,51,1,0,1
meetindi.com,51,1,0,1
aiforia.io,51,1,0,1
artelligence.ma,51,2,0,1
aimatch.pro,51,2,0,1
everonai.com,51,1,0,1
omnia-ia.fr,51,1,0,1
neyropoisk.com,51,1,0,1
aidb.cc,51,1,0,1
neuron-networks.ru,51,1,0,1
tedix.dev,42,4,0,4
ainora.lt,36,8,0,8
kaigeai.com,35,2,0,2
abnewswire.com,30,5,2,5
allinoneai.io,26,3,0,3
innovaai.io,23,4,0,1
visulry.com,23,1,0,1
itbrandpulse.com,23,4,0,4
toolerific.ai,23,1,0,1
aitoolpath.com,23,4,0,2
aitoolnet.com,23,166,165,166
xmdass.com,23,12,11,12
everythingaitool.com,17,3,0,3
techbullion.com,16,2,0,2
aibusinesssites.com,14,7,0,3
communitynodes.com,11,4,0,3
proaitools.net,7,1,0,1
aitooldirectory.com,7,2,0,1
newmediatool.com,7,1,0,1
vuink.com,2,46,0,3
cleanweb.co,0,7,5,5
botai.uno,0,4,1,1
aimaper.com,0,2,0,2
aitalentspace.com,0,2,1,1
orbator.io,0,1,0,1
toolspedia.io,0,3,0,3
dupurgeniefr.com,0,1,0,1
callmissed.com,0,1,0,1
mediaboooster.com,0,1,0,1
techbumppy.com,0,1,0,1
upfirst.ai,0,1,0,1
fittyfoody.com,0,1,0,1
fashionclothingnews.com,0,1,0,1
cmocheatsheets.com,0,1,0,1
forbesstories.com,0,1,0,1
clifflisting.com,0,1,0,1
epubzone.org,0,7,5,5
ziptone.nl,0,3,0,3
uncledspizza.com,0,1,0,1
thedocmag.com,0,1,0,1
archive-hu.com,0,1,0,1
bestnz-poker-casinoslot.com,0,1,0,1
imone2015.com,0,7,5,5
quotesblom.com,0,1,0,1
stackscope.dev,0,3,1,2
famulor.io,0,2,0,2
ufabettererm4.com,0,1,0,1
dezyit.com,0,1,0,1
theforbestimes.com,0,1,0,1
neura.market,0,4,0,2
kolsetu.com,0,1,0,1
betwinnermirror.com,0,1,0,1
betulcrime.com,0,1,0,1
brownplanet.com,0,7,5,5
all80sz1063.com,0,5,3,3
homesforsaleoldgreenwichct.com,0,1,0,1
xbode.org,0,7,5,5
topaitoolsreview.com,0,3,1,1
aideckly.com,0,2,0,1
bimant.com,0,1,0,1
toolslab.ai,0,7,4,4
hostprinter.com,0,1,0,1
tiorai.com,0,4,3,3
noah-news.com,0,3,0,1
bazerdaily.com,0,1,0,1
digitaladblog.com,0,7,5,5
ggmap.us.com,0,1,0,1
cbherald.com,0,1,0,1
romanianartsupdate.com,0,5,3,3
thriveinsider.com,0,7,5,5
opentools.ai,0,1,0,1
futuretoolai.com,0,2,0,2
rightaichoice.com,0,1,0,1
didlogic.com,0,1,0,1
latabloid.com,0,7,5,5
aipickzone.com,0,1,0,1
smartsbusinesswire.com,0,5,3,3
realie.org,0,7,5,5
usfeatures.com,0,7,5,5
internetbisnis.net,0,4,3,3
ebusinessplanet.com,0,7,5,5
southarkdaily.com,0,7,5,5
repairdesk.co,0,2,1,2
seodirectorysite.com,0,1,0,1
romaniabusinesspost.com,0,5,3,3
industrialmonitorromania.com,0,5,3,3
successxl.com,0,7,5,5
aijourn.com,0,2,0,2
capitalcityrock.com,0,7,5,5
gooddecisions.com,0,7,5,5
sourcefed.com,0,7,5,5
plivo.com,0,1,0,1
emphas.is,0,7,5,5
aianytool.com,0,1,0,1
richlyai.com,0,4,3,3
thedam.fm,0,7,5,5
fastpedia.io,0,2,0,2
kynt1450.com,0,7,5,5
kccrradio.com,0,7,5,5
q923radio.com,0,7,5,5
hungrybear.net,0,7,5,5
kotaradio.com,0,7,5,5
