referring_domain,rank,backlinks,referring_pages,first_seen
toolidx.com,172,20,20,2026-03-16
chinaz.tv,147,106,106,2025-08-02
aiseekify.com,140,21,18,2026-08-01
best-ai-tools.org,117,188,48,2025-09-26
topai.tools,109,796,794,2024-07-27
best-ai.org,102,117,30,2026-08-05
askaiforit.com,99,16,9,2025-08-14
creati.ai,95,36,30,2025-10-17
toolify.ai,89,93,82,2024-04-30
seektool.ai,87,1395,1112,2025-11-16
statusfield.com,85,7,7,2026-09-10
agentery.com,84,5,3,2026-07-08
luxoret.com,82,11,9,2026-03-02
brainszone.ai,79,4,2,2026-09-10
resourcelinkai.com,79,9,2,2025-11-29
aieep.ai,79,20,18,2025-09-30
xx7ai.com,77,19,13,2025-10-02
producthunt.com,63,8,4,2023-12-01
zhuaqian.cn,61,13,13,2026-08-02
aiqlabs.ai,61,15,15,2026-07-25
eliteaiappstore.com,51,1,1,2026-09-20
meetindi.com,51,1,1,2026-09-19
aiforia.io,51,1,1,2026-08-24
artelligence.ma,51,2,1,2026-03-23
aimatch.pro,51,2,1,2026-02-18
everonai.com,51,1,1,2025-12-27
omnia-ia.fr,51,1,1,2025-12-18
neyropoisk.com,51,1,1,2025-11-08
aidb.cc,51,1,1,2025-01-15
neuron-networks.ru,51,1,1,2024-12-28
tedix.dev,42,4,4,2026-08-03
ainora.lt,36,8,8,2026-07-20
kaigeai.com,35,2,2,2026-01-15
abnewswire.com,30,5,5,2026-07-24
allinoneai.io,26,3,3,2026-08-31
innovaai.io,23,4,1,2026-09-01
visulry.com,23,1,1,2026-06-12
itbrandpulse.com,23,4,4,2026-03-12
toolerific.ai,23,1,1,2024-12-29
aitoolpath.com,23,4,2,2024-12-01
aitoolnet.com,23,166,166,2024-09-22
xmdass.com,23,12,12,2024-05-11
everythingaitool.com,17,3,3,2026-01-23
techbullion.com,16,2,2,2026-03-12
aibusinesssites.com,14,7,3,2026-08-02
communitynodes.com,11,4,3,2026-02-25
proaitools.net,7,1,1,2026-01-29
aitooldirectory.com,7,2,1,2025-11-06
newmediatool.com,7,1,1,2024-08-22
vuink.com,2,46,3,2025-11-18
cleanweb.co,0,7,5,2026-09-20
botai.uno,0,4,1,2026-09-20
theai.tw,0,1,1,2026-09-20
aimaper.com,0,2,2,2026-09-20
aitalentspace.com,0,2,1,2026-09-19
orbator.io,0,1,1,2026-09-19
seo-anomaly-top-318.xyz,0,2,2,2026-09-19
seo-anomaly-top-313.xyz,0,1,1,2026-09-18
seo-anomaly-top-303.xyz,0,1,1,2026-09-18
toolspedia.io,0,3,3,2026-09-18
seo-anomaly-top-302.xyz,0,2,2,2026-09-18
ai-club.cn,0,1,1,2026-09-10
dupurgeniefr.com,0,1,1,2026-09-10
theagentsindex.com,0,1,1,2026-09-10
callmissed.com,0,1,1,2026-09-08
seo-cartel-pacamara.xyz,0,1,1,2026-09-03
seo-cartel-icatu.xyz,0,2,2,2026-09-03
mediaboooster.com,0,1,1,2026-09-02
techbumppy.com,0,1,1,2026-09-01
upfirst.ai,0,1,1,2026-08-31
glarity.app,0,1,1,2026-08-30
seo-cartel-pacas.xyz,0,3,3,2026-08-30
fittyfoody.com,0,1,1,2026-08-29
findings24.com,0,1,1,2026-08-29
fashionclothingnews.com,0,1,1,2026-08-28
cmocheatsheets.com,0,1,1,2026-08-28
forbesstories.com,0,1,1,2026-08-28
clifflisting.com,0,1,1,2026-08-28
seo-cartel-sl28.xyz,0,1,1,2026-08-28
seo-cartel-bourbon.xyz,0,1,1,2026-08-26
epubzone.org,0,7,5,2026-08-26
ziptone.nl,0,3,3,2026-08-26
uncledspizza.com,0,1,1,2026-08-24
thedocmag.com,0,1,1,2026-08-23
archive-hu.com,0,1,1,2026-08-23
bestnz-poker-casinoslot.com,0,1,1,2026-08-23
imone2015.com,0,7,5,2026-08-23
quotesblom.com,0,1,1,2026-08-23
stackscope.dev,0,3,2,2026-08-22
famulor.io,0,2,2,2026-08-21
ufabettererm4.com,0,1,1,2026-08-21
dezyit.com,0,1,1,2026-08-21
theforbestimes.com,0,1,1,2026-08-20
neura.market,0,4,2,2026-08-19
salesflare.com,0,2,2,2026-08-19
kolsetu.com,0,1,1,2026-08-18
betwinnermirror.com,0,1,1,2026-08-17
betulcrime.com,0,1,1,2026-08-17
brownplanet.com,0,7,5,2026-08-17
all80sz1063.com,0,5,3,2026-08-16
seo-cartel-kent.xyz,0,5,5,2026-08-15
homesforsaleoldgreenwichct.com,0,1,1,2026-08-15
xbode.org,0,7,5,2026-08-14
topaitoolsreview.com,0,3,1,2026-08-13
aideckly.com,0,2,1,2026-08-11
bimant.com,0,1,1,2026-08-10
toolslab.ai,0,7,4,2026-08-10
hostprinter.com,0,1,1,2026-08-07
tiorai.com,0,4,3,2026-08-07
noah-news.com,0,3,1,2026-08-05
bazerdaily.com,0,1,1,2026-08-04
digitaladblog.com,0,7,5,2026-08-02
ggmap.us.com,0,1,1,2026-08-02
cbherald.com,0,1,1,2026-08-01
seo-cartel-sl34.xyz,0,5,5,2026-07-31
seo-cartel-0-21.xyz,0,1,1,2026-07-29
romanianartsupdate.com,0,5,3,2026-07-26
websitedata.app,0,2,2,2026-07-25
thriveinsider.com,0,7,5,2026-07-24
opentools.ai,0,1,1,2026-07-24
futuretoolai.com,0,2,2,2026-07-24
rightaichoice.com,0,1,1,2026-07-23
webideasnetwork.com,0,3,3,2026-07-23
aitoolsdirectorylist.com,0,1,1,2026-07-22
seo-cartel-0-13.xyz,0,1,1,2026-07-21
seo-cartel-0-16.xyz,0,1,1,2026-07-16
bocaratoncityonline.com,0,2,2,2026-07-16
seo-cartel-tabi.xyz,0,4,4,2026-07-15
seo-cartel-0-25.xyz,0,1,1,2026-07-15
seo-cartel-0-30.xyz,0,1,1,2026-07-15
seo-cartel-laurina.xyz,0,5,5,2026-07-15
didlogic.com,0,1,1,2026-07-14
relvehq.com,0,3,3,2026-07-14
seo-cartel-0-11.xyz,0,1,1,2026-07-13
seo-cartel-0-20.xyz,0,1,1,2026-07-13
seo-cartel-0-28.xyz,0,1,1,2026-07-13
seo-cartel-0-12.xyz,0,1,1,2026-07-13
proactiveacademy.fr,0,1,1,2026-07-11
seo-cartel-0-23.xyz,0,1,1,2026-07-09
latabloid.com,0,7,5,2026-07-08
jeetro.com,0,4,4,2026-07-07
iatools.ai,0,1,1,2026-07-07
seo-cartel-tipica.xyz,0,1,1,2026-07-07
tmabot.ai,0,1,1,2026-07-03
drjack.world,0,1,1,2026-07-03
aivalys.com,0,6,6,2026-07-02
fabtoolai.com,0,1,1,2026-07-02
aipickzone.com,0,1,1,2026-06-29
smartsbusinesswire.com,0,5,3,2026-06-28
seo-cartel-ruiru.xyz,0,1,1,2026-06-24
urls-shortener.eu,0,1,1,2026-06-24
seo-cartel-excelsa.xyz,0,5,5,2026-06-23
realie.org,0,7,5,2026-06-22
usfeatures.com,0,7,5,2026-06-22
claritypointe.com,0,2,2,2026-06-20
internetbisnis.net,0,4,3,2026-06-19
ebusinessplanet.com,0,7,5,2026-06-17
seo-cartel-0-17.xyz,0,1,1,2026-06-17
seo-cartel-0-15.xyz,0,1,1,2026-06-17
southarkdaily.com,0,7,5,2026-06-16
repairdesk.co,0,2,2,2026-06-15
seodirectorysite.com,0,1,1,2026-06-14
romaniabusinesspost.com,0,5,3,2026-06-14
seo-cartel-villasarchi.xyz,0,5,5,2026-06-14
kutmd.com,0,1,1,2026-06-13
industrialmonitorromania.com,0,5,3,2026-06-13
successxl.com,0,7,5,2026-06-12
y-links-bhs.xyz,0,21,21,2026-06-12
aijourn.com,0,2,2,2026-06-11
capitalcityrock.com,0,7,5,2026-06-11
tresoliva.com,0,1,1,2026-06-11
seo-cartel-batian.xyz,0,5,5,2026-06-10
seo-cartel-heirloom.xyz,0,4,4,2026-06-09
geneo.app,0,1,1,2026-06-09
gooddecisions.com,0,7,5,2026-06-09
areza.digital,0,3,3,2026-06-06
skipcalls.com,0,1,1,2026-06-05
thenyctimes.com,0,2,2,2026-06-05
sourcefed.com,0,7,5,2026-06-04
plivo.com,0,1,1,2026-06-04
emphas.is,0,7,5,2026-06-03
aianytool.com,0,1,1,2026-06-03
dkwy.com,0,1,1,2026-06-01
richlyai.com,0,4,3,2026-05-31
thedam.fm,0,7,5,2026-05-31
seo-cartel-caturra.xyz,0,5,5,2026-05-30
fastpedia.io,0,2,2,2026-05-29
ready.pro,0,1,1,2026-05-29
web3wire.org,0,2,2,2026-05-28
kynt1450.com,0,7,5,2026-05-28
kccrradio.com,0,7,5,2026-05-27
bluerader.com,0,1,1,2026-05-27
q923radio.com,0,7,5,2026-05-26
seo-cartel-mundonovo.xyz,0,5,5,2026-05-25
seo-cartel-ethiosar.xyz,0,5,5,2026-05-25
hungrybear.net,0,7,5,2026-05-24
kotaradio.com,0,7,5,2026-05-24
seo-cartel-mibirizi.xyz,0,5,5,2026-05-24
seo-cartel-robusta.xyz,0,14,14,2026-05-24
seo-cartel-arabica.xyz,0,7,7,2026-05-24
onelittleweb.com,0,2,2,2026-05-21
wotnot.io,0,2,1,2026-05-20
seo-cartel-maragogype.xyz,0,42,42,2026-05-20
seo-cartel-geisha.xyz,0,50,50,2026-05-20
seo-cartel-liberica.xyz,0,50,50,2026-05-20
pierrecountry.com,0,7,5,2026-05-18
social-matic.com,0,2,2,2026-05-16
callsphere.ai,0,1,1,2026-05-16
dentalskimp.com,0,1,1,2026-05-13
lindy.ai,0,2,2,2026-05-13
supportbench.com,0,3,1,2026-05-13
travelshq.com,0,5,3,2026-05-07
universus.pro,0,1,1,2026-05-03
shangan.com,0,1,1,2026-04-30
toolbit.ai,0,2,2,2026-04-30
aitekka.com,0,1,1,2026-04-30
aidizer.com,0,5,4,2026-04-20
technologyscienceandme.com,0,5,3,2026-04-19
aitoolbuzz.com,0,1,1,2026-04-19
lmcordoba.com.ar,0,7,5,2026-04-17
infotechinc.net,0,2,2,2026-04-16
alternativeto.net,0,2,1,2026-04-16
aigolova.ru,0,1,1,2026-04-15
xpr.media,0,7,5,2026-03-25
observer-reporter.com,0,2,2,2026-03-25
aisonar.io,0,2,1,2026-03-21
seo-anomaly-osaka.online,0,3,3,2026-03-19
u-links-bhs.xyz,0,30,30,2026-03-18
aitoolranks.com,0,5,4,2026-03-17
bye.fyi,0,1,1,2026-03-17
globaltechreporter.com,0,5,3,2026-03-16
i-links-bhs.xyz,0,30,30,2026-03-16
o-links-bhs.xyz,0,28,28,2026-03-12
thepilotnews.com,0,2,2,2026-03-09
minyanville.com,0,4,4,2026-03-08
anchorurl.cloud,0,1,1,2026-03-08
seo-anomaly-seoul.online,0,2,2,2026-03-07
internationaltechtimes.com,0,10,6,2026-03-07
scitechnewsnetwork.com,0,5,3,2026-03-07
toolmesh.ai,0,1,1,2026-03-06
globaltechtimes.com,0,10,6,2026-03-06
mybluehost.me,0,2,2,2026-03-06
malvern-online.com,0,2,2,2026-03-05
kanerepublican.com,0,2,2,2026-03-03
technologypressreleases.com,0,5,3,2026-03-03
americantechtoday.com,0,5,3,2026-03-02
e-links-bhs.xyz,0,30,30,2026-03-02
bossesmag.com,0,5,3,2026-03-02
trondstidkontroll.com,0,7,5,2026-03-01
aitoolsbot.com,0,1,1,2026-03-01
iwhitelabel.co,0,2,1,2026-02-28
schmuckkiste.de,0,1,1,2026-02-28
baretnews.com,0,2,2,2026-02-28
r-links-bhs.xyz,0,30,30,2026-02-28
am-news.com,0,2,2,2026-02-27
techdigestromania.com,0,5,3,2026-02-27
romanianewsreporter.com,0,5,3,2026-02-27
appliedtechnologynews.com,0,10,6,2026-02-27
coasttocoasttribune.com,0,5,3,2026-02-27
globalmediawatch.com,0,5,3,2026-02-26
aithority.com,0,1,1,2026-02-26
smsolar.net,0,5,3,2026-02-26
starkvilledailynews.com,0,2,2,2026-02-26
smallbusinessonlinenetwork.com,0,5,3,2026-02-26
aijustbetter.com,0,2,1,2026-02-26
inyoregister.com,0,2,2,2026-02-25
financialcontent.com,0,32,32,2026-02-25
pressreleasecc.com,0,2,2,2026-02-25
passionateaboutfood.net,0,2,2,2026-02-25
jake.eu,0,1,1,2026-02-24
t-links-bhs.xyz,0,25,25,2026-02-23
p-links-bhs.xyz,0,30,30,2026-02-23
w-links-bhs.xyz,0,30,30,2026-02-23
q-links-bhs.xyz,0,30,30,2026-02-23
factchecktool.com,0,23,19,2026-02-23
dariusreed.com,0,1,1,2026-02-21
aitoolsocean.com,0,2,2,2026-02-20
taskboosters.com,0,5,5,2026-02-08
news247.gr,0,1,1,2026-02-04
justalternativeto.com,0,1,1,2026-01-30
quero.party,0,1,1,2026-01-30
screenshots.wiki,0,2,2,2026-01-29
aitoolly.org,0,2,1,2026-01-29
trustysumo.com,0,1,1,2026-01-21
buzzshrink.website,0,1,1,2026-01-17
caimpare.ai,0,1,1,2026-01-09
make.com,0,1,1,2026-01-09
seo-anomaly-shenzhen.website,0,3,3,2026-01-06
verygoodalternatives.com,0,57,57,2026-01-02
seo-anomaly-delhi.space,0,2,2,2026-01-02
seo-anomaly-karachi.website,0,3,3,2026-01-01
exploreaimarket.com,0,1,1,2025-12-31
kalimna.ai,0,1,1,2025-12-29
seo-anomaly-chongqing.site,0,3,3,2025-12-29
pipedream.com,0,1,1,2025-12-28
aiexpertreviewer.com,0,3,1,2025-12-28
seo-anomaly-moscow.space,0,3,3,2025-12-27
yuanbaopower.com,0,2,1,2025-12-22
urlscan.io,0,20,10,2025-12-21
webcatalog.io,0,19,17,2025-12-08
