domain,google_best_rank,llm_cites,source,example_page
deepgram.com,4,2,both,deepgram.com/learn/best-voice-ai-platforms-enterprise-comparison
lumay.ai,10,2,both,www.lumay.ai/blogs/best-enterprise-ai-voice-agent-platforms
bignewsnetwork.com,,2,both,www.bignewsnetwork.com/news/279311289/hipaa-ai-and-voice-what-every-us-healthcare-provider
usatoday.com,,2,both,www.usatoday.com/press-release/story/43390/retell-ai-white-label-platform-from-voiceaiwrap
cxtoday.com,,2,both,www.cxtoday.com/customer-engagement-journey-orchestration/plivo-cpaas-journey-orchestratio
cloudtalk.io,,2,both,www.cloudtalk.io/blog/best-ai-voice-agents-for-healthcare/
aircall.io,3,1,both,aircall.io/products/ai/voice-agent/
monday.com,4,1,both,monday.com/blog/crm-and-sales/ai-voice-agent-platform/
unleashx.ai,7,1,both,unleashx.ai/feeds/blog/ai-voice-assistant-crm-integration
getprosper.ai,8,1,both,www.getprosper.ai/blog/hipaa-compliant-voice-ai-providers-healthcare-guide
inworld.ai,9,1,both,inworld.ai/resources/best-voice-ai-for-enterprise-voice-agents
futurumgroup.com,13,1,both,futurumgroup.com/insights/zendesks-ai-native-voice-push-pressures-contact-center-silos-as-
rasa.com,14,1,both,rasa.com/blog/best-ai-voice-agents
11x.ai,14,1,both,www.11x.ai/guides/enterprise-ai-voice-agents
cekura.ai,15,1,both,www.cekura.ai/blogs/top-conversational-ai-platforms-with-voice-crm
elevenlabs.io,18,1,both,elevenlabs.io/enterprise
assemblyai.com,21,1,both,www.assemblyai.com/blog/best-platforms-enterprise-voice-agents
chatbase.co,,1,both,www.chatbase.co/blog/best-ai-voice-agents-customer-support
appinventiv.com,,1,both,appinventiv.com/blog/ai-voice-assistant-crm-integration/
finance.yahoo.com,,1,both,finance.yahoo.com/technology/ai/articles/orvera-ai-named-best-ai-124700343.html
twixor.ai,,1,both,twixor.ai/blog/ai-voice-assistant-crm-integration/
businesswire.com,,1,both,www.businesswire.com/news/home/20260910944764/en/Radisys-Launches-V.AI-Ecosystem-to-Accele
twig.so,,1,both,www.twig.so/blog/voice-ai-agents-crm-integration-salesforce-hubspot-zendesk
justcall.io,,1,both,justcall.io/blog/ai-voice-agent-crm-integration.html
einpresswire.com,,1,both,www.einpresswire.com/article/940597152/braincx-ai-launches-interpreterly-an-ai-phone-inter
unite.ai,,1,both,www.unite.ai/hi/hipaa-compliant-mobile-ai-benefits/
voiceaiwrapper.com,,1,both,voiceaiwrapper.com/uses/voice-ai-crm-integration
unframe.ai,,1,both,www.unframe.ai/blog/best-enterprise-voice-ai-platforms
usehello.ai,,1,both,usehello.ai/blog/posts/best_hipaa_compliant_ai_voice_platforms.html
coval.ai,,1,both,www.coval.ai/blog/hipaa-compliant-voice-ai
forasoft.com,,1,both,www.forasoft.com/blog/article/voice-ai-healthcare
cygnet.one,,1,both,www.cygnet.one/feeds/blog/ai-voice-agent-customer-service-software-enterprise
voiceai.guide,,1,both,voiceai.guide/hipaa/
desmoinesregister.com,,1,both,www.desmoinesregister.com/press-release/story/122043/onpage-selected-in-constellation-shor
therundown.ai,,1,both,www.therundown.ai/tools/wispr-flow
respond.io,,1,both,respond.io/blog/voip-crm-integration
celloip.com,,1,both,celloip.com/blog/hipaa-compliant-voice-ai-agents/
getvoip.com,,1,both,getvoip.com/blog/ai-voice-agents/
harmony.ai,,1,both,harmony.ai/blog/10-best-enterprise-ai-voice-agent-platforms-2026
commercialappeal.com,,1,both,www.commercialappeal.com/press-release/story/155341/voiso-and-panda-ts-to-host-live-webina
kxan.com,,1,both,www.kxan.com/business/press-releases/cision/20260909CL43782/callrail-celebrates-launch-of-
kolsetu.com,,1,both,kolsetu.com/blog/best-enterprise-ai-voice-agents-2026
markets.businessinsider.com,,1,both,markets.businessinsider.com/news/stocks/empromptu-and-skyrelis-partner-to-help-healthcare-
digitaltrends.com,,1,both,www.digitaltrends.com/contributor-content/customer-experience-software-has-split-into-4-ca
parloa.com,,1,both,www.parloa.com/knowledge-hub/hipaa-compliant-ai-solutions/
uirix.com,,1,both,www.uirix.com/en/blog/ai-voice-agent-crm-integration
goodcall.com,,1,both,www.goodcall.com/voice-ai/crm-integration-solutions-built-for-modern-businesses
outlookbusiness.com,,1,both,www.outlookbusiness.com/spotlight/news-wire/whinta-launches-white-label-ai-voice-platform-
dapta.ai,,1,both,
taritas.com,,1,both,taritas.com/enterprise
ventureharbour.com,,1,both,ventureharbour.com/voice-ai-platforms-compared-i-built-voice-agents-on-7-tools/
murf.ai,,1,both,murf.ai/blog/best-voice-ai-for-hipaa-compliant-workflows
aiagentstore.ai,,1,both,aiagentstore.ai/ai-voice-agent/best-hipaa-compliant-voice-ai-for-healthcare-self-hosted-fu
techrepublic.com,,1,both,www.techrepublic.com/article/best-ucaas-providers/
assembled.com,1,0,google,
nice.com,2,0,google,
vellum.ai,2,0,google,
voice.ai,3,0,google,
hyro.ai,4,0,google,
fin.ai,5,0,google,
telnyx.com,5,0,google,
orvera.ai,5,0,google,
voiceflow.com,6,0,google,
decagon.ai,7,0,google,
baseten.co,7,0,google,
picovoice.ai,7,0,google,
salesforce.com,8,0,google,
appexchange.salesforce.com,8,0,google,
usefini.com,8,0,google,
poly.ai,9,0,google,
dialzara.com,9,0,google,
computerweekly.com,9,0,google,
smallest.ai,9,0,google,
botpress.com,10,0,google,
hamming.ai,10,0,google,
rivvi.ai,11,0,google,
millis.ai,12,0,google,
floatbot.ai,13,0,google,
belitsoft.com,14,0,google,
greetmate.ai,15,0,google,
genesys.com,15,0,google,
deepsense.ai,15,0,google,
simbie.ai,16,0,google,
gladia.io,16,0,google,
zendesk.com,16,0,google,
wec.ai,17,0,google,
afiniti.com,17,0,google,
cabotsolutions.com,17,0,google,
mindstudio.ai,17,0,google,
vomyra.com,18,0,google,
ultravox.ai,19,0,google,
cetrai.com,19,0,google,
brilo.ai,21,0,google,
leapingai.com,21,0,google,
ai.signalwire.com,21,0,google,
kaicalls.com,22,0,google,
dialpad.com,22,0,google,
