cluster,engine,prompt,trillet_named,competitors,cited_domains,answer_excerpt
1 · White-label / agency,chat_gpt,What's the best white-label AI voice agent platform for agencies in 2026?,yes,autocalls;leadlock;retell;vapi,autocalls.ai;leadlock.ai;trillet.ai;voiceaiwrapper.com,"Here’s a detailed overview of the best white-label AI voice agent platforms for agencies as of mid‑2026. To determine the “best” platform, it’s crucial to consider factors such as architecture (native vs. wrapper), per‑minute costs, full white-label depth, compliance (e.g., HIPAA, SOC 2, GDPR), ease"
1 · White-label / agency,perplexity,What's the best white-label AI voice agent platform for agencies in 2026?,yes,autocalls;synthflow,anvevoice.app;apphitect.ae;autocalls.ai;bignewsnetwork.com;botpenguin.com;businesswire.com;convocore.ai;digitaljournal.com;dvaarik.com;finance.yahoo.com;markets.businessinsider.com;mirrorfly.com;nerdbot.com;outlookbusiness.com;ringlyn.com;therundown.ai;trillet.ai;usatoday.com;viirtue.com;voiceflow.com;wboc.com;wotnot.io,"There is **no single best** white-label AI voice agent platform for agencies in 2026; the right pick depends on whether you want **voice-only depth**, **omnichannel (voice + chat + WhatsApp)**, or the **strongest white-label business model**. The most consistent shortlist from the results is **Trill"
1 · White-label / agency,chat_gpt,Which voice AI platform lets an agency resell under its own brand with unlimited sub-accounts?,no,,,"A platform like **Resemble AI** might offer such capabilities. These platforms often provide white-label solutions allowing agencies to resell services under their own brand, sometimes including features like unlimited sub-accounts. Always check their specific offerings and terms."
1 · White-label / agency,perplexity,Which voice AI platform lets an agency resell under its own brand with unlimited sub-accounts?,no,autocalls,ainora.lt;autocalls.ai;awaz.ai;centricallai.com;dasha.ai;docs.pulsyai.com;fusioncalling.com;myaifrontdesk.com;retellai.com;ringlyn.com;trillet.ai;voiceaiwrapper.com;whop.com,"The clearest matches are **Autocalls**, **PulsyAI**, and **Ringlyn**, all of which say agencies can **resell under their own brand** and get **unlimited sub-accounts**.[1][3][10]  If you want the most directly worded answer, **Autocalls** says its white-label AI voice agent platform lets you “rebran"
1 · White-label / agency,chat_gpt,What's a good Retell AI white-label alternative for resellers?,no,retell,,A good white-label alternative to Retell AI for resellers might include:  1. **Speechify**: Offers robust text-to-speech capabilities with customization options. 2. **Murf AI**: Provides realistic voiceovers with a variety of voices and accents. 3. **Play.ht**: Known for high-quality voices and the 
1 · White-label / agency,perplexity,What's a good Retell AI white-label alternative for resellers?,yes,retell,agentcxlabs.com;alphasignal.ai;autocalls.ai;bignewsnetwork.com;convocore.ai;desmoinesregister.com;digitaljournal.com;finance.yahoo.com;fusioncalling.com;lumay.ai;marketbeat.com;outlookbusiness.com;pulsyai.com;trillet.ai;twixor.ai;usatoday.com;voiceaiwrapper.com;vomyra.com;ysscores.com;zeeg.me,"A strong **white-label alternative to Retell AI for resellers** is **Trillet** if you want a native reseller platform, or **Convocore** if you want a broader all-in-one, multi-channel setup.[2][1]  If your priority is specifically **reselling under your own brand**, these stand out:  - **Trillet** —"
1 · White-label / agency,chat_gpt,What voice AI platform should I use to start an AI calling agency?,no,,,Starting an AI calling agency involves choosing a voice AI platform that offers robust features and flexibility. Here are some options to consider:  1. **Twilio**:    - Offers comprehensive voice and messaging APIs.    - Highly scalable and reliable.    - Supports integration with various AI tools f
1 · White-label / agency,perplexity,What voice AI platform should I use to start an AI calling agency?,no,bland;retell;synthflow;vapi,autocalls.ai;bignewsnetwork.com;bland.ai;brilo.ai;business-standard.com;chatbase.co;cloudtalk.io;dograh.com;inworld.ai;outlookbusiness.com;plivo.com;ranktracker.com;rasa.com;retellai.com;scored.tools;telnyx.com;unite.ai;usatoday.com,"For most people starting an **AI calling agency**, **Retell AI** is the safest default choice because multiple 2026 roundups call it the best all-around platform for production voice automation, with strong latency, interruption handling, and both no-code and API flexibility.[1][6][10][18]  If your "
2 · Enterprise voice automation,chat_gpt,What's the best enterprise AI voice agent platform that resolves calls end to end?,no,,,"When considering enterprise AI voice agent platforms that resolve calls end to end, several options stand out:  1. **Google Contact Center AI (CCAI)**:    - Integrates with Google Cloud services.    - Provides natural language understanding and speech recognition.    - Offers tools for agent assista"
2 · Enterprise voice automation,perplexity,What's the best enterprise AI voice agent platform that resolves calls end to end?,no,retell,11x.ai;assemblyai.com;chatbase.co;cygnet.one;deepgram.com;getvoip.com;harmony.ai;inworld.ai;kolsetu.com;lumay.ai;rasa.com;retellai.com;unframe.ai;ventureharbour.com,"There isn’t one universal “best” platform, but for **enterprise AI voice agents that resolve calls end to end**, the strongest picks in the results are **Rasa**, **Cognigy**, **LuMay**, and **Retell AI**—with the best choice depending on whether you need *ownership and control*, *contact-center orch"
2 · Enterprise voice automation,chat_gpt,Which AI voice platforms are HIPAA and TCPA compliant for enterprise use?,no,,,"For enterprise use, some AI voice platforms that are known for being HIPAA and TCPA compliant include:  1. **Twilio**: Offers solutions that can be configured to meet HIPAA and TCPA compliance for voice communications.  2. **NICE inContact**: Provides a contact center platform that supports complian"
2 · Enterprise voice automation,perplexity,Which AI voice platforms are HIPAA and TCPA compliant for enterprise use?,no,retell;vapi,aiagentstore.ai;bignewsnetwork.com;bland.ai;businesswire.com;celloip.com;cloudtalk.io;coval.ai;cxtoday.com;desmoinesregister.com;einpresswire.com;elevenlabs.io;finance.yahoo.com;forasoft.com;futurumgroup.com;getprosper.ai;lumay.ai;markets.businessinsider.com;murf.ai;parloa.com;retellai.com;taritas.com;therundown.ai;trillet.ai;unite.ai;usatoday.com;usehello.ai;voiceai.guide,"A few **enterprise AI voice platforms** are publicly described as supporting **HIPAA** workflows, but **TCPA compliance is not usually a platform certification**; it depends on how the system is configured, how consent is obtained, and how outreach is conducted. The safest enterprise candidates in t"
2 · Enterprise voice automation,chat_gpt,What voice AI can act across CRM and business systems during a live call?,no,,,One example of a voice AI that can act across CRM and business systems during a live call is **Observe.AI**. It integrates with CRM platforms to provide real-time insights and automate workflows during customer interactions. Other platforms like **Cogito** and **Balto** also offer similar capabiliti
2 · Enterprise voice automation,perplexity,What voice AI can act across CRM and business systems during a live call?,no,retell,aircall.io;appinventiv.com;bignewsnetwork.com;cekura.ai;cloudtalk.io;commercialappeal.com;cxtoday.com;dapta.ai;deepgram.com;digitaltrends.com;goodcall.com;justcall.io;kxan.com;monday.com;outlookbusiness.com;respond.io;retellai.com;techrepublic.com;thoughtly.com;twig.so;twixor.ai;uirix.com;unleashx.ai;usatoday.com;voiceaiwrapper.com,"The best fit is **Retell AI** or **Salesforce Agentforce Voice**, depending on whether you want a cross-CRM voice agent or a Salesforce-native one. Both can **read and write CRM records during a live call** and trigger actions like updates, ticket creation, scheduling, and transfers mid-conversation"
3 · AI answering / receptionist,chat_gpt,What's the best AI receptionist for a small business?,no,,,"When choosing an AI receptionist for a small business, consider features like ease of use, integration capabilities, and cost-effectiveness. Some popular options include:  1. **Smith.ai**: Offers virtual receptionists that can handle calls, chats, and even appointment scheduling. Known for its integ"
3 · AI answering / receptionist,perplexity,What's the best AI receptionist for a small business?,no,,beside.com;bookipi.com;cetrai.com;cloudtalk.io;dapta.ai;dialzara.com;getaira.io;getnextphone.com;getvoip.com;guptadeepak.com;heyjodie.com;marblism.com;trillet.ai;upfirst.ai;vellum.ai;voksha.com;withallo.com;yourgpt.ai,"There is **no single best** AI receptionist for every small business, but the most commonly recommended pick in the results is **NextPhone** for “most small businesses” because it offers flat-rate pricing, unlimited inbound calls, fast answer times, and native calendar booking.[1][7]  If you want a "
3 · AI answering / receptionist,chat_gpt,Best AI answering service for a business that keeps missing calls?,no,,,"For a business that frequently misses calls, consider using an AI-powered answering service. Here are a few popular options:  1. **Drift**: Known for its conversational AI capabilities, Drift can handle customer inquiries and schedule appointments.  2. **Conversica**: This service uses AI to engage "
3 · AI answering / receptionist,perplexity,Best AI answering service for a business that keeps missing calls?,no,,aloware.com;barchart.com;crazyegg.com;fitsmallbusiness.com;getaira.io;getmailtracker.com;getnextphone.com;getvoip.com;lunacal.ai;oncehub.com;quo.com;retellai.com;ringly.io;smash.vc;technologyadvice.com;thestacc.com;upfirst.ai;withallo.com,"If your business is *missing calls and losing leads*, the best choice depends on whether you want **lowest cost**, **human backup**, or **built-in booking**.  - **Best overall for most small businesses:** **AIRA** — one source calls it the best overall value at **$24.95/month**, with **appointment b"
3 · AI answering / receptionist,chat_gpt,What AI phone agent can book appointments 24/7?,no,,,An AI phone agent like Google's Duplex can book appointments 24/7. It's designed to make phone calls and interact with businesses to schedule appointments on behalf of users.
3 · AI answering / receptionist,perplexity,What AI phone agent can book appointments 24/7?,no,retell,agentzap.ai;beaconjournal.com;businesswire.com;cloudtalk.io;dapta.ai;einpresswire.com;inc.com;justcall.io;kxan.com;markets.businessinsider.com;meetergo.com;news.futunn.com;phoneagent.ai;picktime.com;regal.ai;retellai.com;smith.ai;telli.com;tennessean.com;thoughtly.com;zeeg.me;zoom.com;zoomit.ir,"Several **AI phone agents** can book appointments **24/7**, including **PhoneAgent.ai**, **Zeeg**, **Retell AI**, **JustCall AI Voice Agent**, and **AgentZap**.[1][5][10][13][15]  If you want the simplest direct answer, **PhoneAgent.ai** is explicitly described as answering calls 24/7, checking live"
