domain,google_best_rank,llm_cites,ai_overview_cites,source,example_page
smith.ai,5,1,3,both,smith.ai/features/appointment-scheduling-service
getnextphone.com,2,2,1,both,www.getnextphone.com/blog/best-ai-receptionist
withallo.com,3,2,0,both,www.withallo.com/blog/ai-receptionist
ringcentral.com,4,0,2,google,
dapta.ai,10,2,0,both,dapta.ai/blog-posts/best-ai-receptionist-small-business/
vellum.ai,11,1,1,both,www.vellum.ai/blog/best-ai-receptionist-for-small-business
cloudtalk.io,18,2,0,both,www.cloudtalk.io/blog/top-ai-virtual-receptionist-voice/
voksha.com,,1,1,both,voksha.com/guide/best-ai-receptionists-2026/
marblism.com,,1,1,both,www.marblism.com/blog/best-ai-receptionist
getvoip.com,,2,0,both,getvoip.com/ai-receptionists/
upfirst.ai,,2,0,both,upfirst.ai/blog/best-ai-answering-services
dentina.ai,1,0,1,google,
smash.vc,2,1,0,both,smash.vc/best-ai-answering-services/
elevenlabs.io,2,0,1,google,
heyrosie.com,2,0,1,google,
lunacal.ai,7,1,0,both,lunacal.ai/blogs/ai-phone-answering-service
technologyadvice.com,8,1,0,both,technologyadvice.com/blog/voip/best-ai-answering-service/
dialzara.com,9,1,0,both,
aloware.com,10,1,0,both,aloware.com/blog/7-best-ai-call-answering-for-smbs
oralhealthgroup.com,10,0,1,google,
dentalintel.com,11,0,1,google,
ring-ready.com,11,0,1,google,
dentistryiq.com,14,0,1,google,
tensorlinks.com,15,0,1,google,
zoom.com,,1,0,both,www.zoom.com/en/products/voip-phone/features/ai-receptionist/
yourgpt.ai,,1,0,both,yourgpt.ai/blog/comparison/best-ai-receptionist-for-small-business
meetergo.com,,1,0,both,meetergo.com/en/features/ai-phone-assistant
inc.com,,1,0,both,www.inc.com/aaron-mok/this-startup-is-now-offering-an-ai-receptionist-for-just-29-a-mont
einpresswire.com,,1,0,both,www.einpresswire.com/article/940597152/braincx-ai-launches-interpreterly-an-ai-phone-int
cetrai.com,,1,0,both,cetrai.com/blog/best-ai-receptionist-small-business
oncehub.com,,1,0,both,www.oncehub.com/blog/6-best-ai-answering-services-of-2026-low-cost-high-roi
markets.businessinsider.com,,1,0,both,markets.businessinsider.com/news/stocks/atlas-extends-top-performer-sales-conversations-
fitsmallbusiness.com,,1,0,both,fitsmallbusiness.com/best-ai-answering-service/
telli.com,,1,0,both,www.telli.com/ai-voice-agents/article/ai-voice-agent-for-appointment-booking
barchart.com,,1,0,both,www.barchart.com/press-releases/1128880/6-best-ai-answering-service-platforms-of-2026-te
kxan.com,,1,0,both,www.kxan.com/business/press-releases/cision/20260909CL43782/callrail-celebrates-launch-o
guptadeepak.com,,1,0,both,guptadeepak.com/top-5-ai-receptionist-services-for-small-businesses-in-2026-a-practical-
agentzap.ai,,1,0,both,
picktime.com,,1,0,both,www.picktime.com/features/ai-receptionist
businesswire.com,,1,0,both,www.businesswire.com/news/home/20260909348516/en/Yelp-and-Hatch-Advance-Voice-AI-for-Res
phoneagent.ai,,1,0,both,phoneagent.ai/ai-appointment-scheduling
zoomit.ir,,1,0,both,www.zoomit.ir/ai-articles/467408-elevenlabs-reception-ai-phone-agent/
regal.ai,,1,0,both,www.regal.ai/use-case/ai-bookings-agent
heyjodie.com,,1,0,both,heyjodie.com/en-us/guides/best-ai-receptionist/
bookipi.com,,1,0,both,bookipi.com/crm/best-ai-receptionists/
justcall.io,,1,0,both,justcall.io/product/ai-voice-agent/appointment-scheduling/
tennessean.com,,1,0,both,www.tennessean.com/press-release/story/230971/braincx-ai-launches-interpreterly-an-ai-ph
news.futunn.com,,1,0,both,news.futunn.com/post/79027172/callrail-celebrates-launch-of-real-time-hubspot-scheduling
beaconjournal.com,,1,0,both,www.beaconjournal.com/press-release/story/231825/birdeye-unveils-myna-the-ai-coworker-th
beside.com,,1,0,both,www.beside.com/blog/best-ai-receptionist-for-small-business-2026
zeeg.me,,1,0,both,zeeg.me/en/ai-voice-agent
ringly.io,,1,0,both,www.ringly.io/blog/best-ai-answering-service
crazyegg.com,,1,0,both,www.crazyegg.com/blog/best-automated-answering-services-for-small-businesses/
getmailtracker.com,,1,0,both,www.getmailtracker.com/blog/best-ai-answering-services
quo.com,,1,0,both,www.quo.com/blog/best-ai-phone-answering-services/
thestacc.com,,1,0,both,thestacc.com/blog/ai-answering-service-small-business/
getviva.ai,3,0,0,google,
mosaicx.com,3,0,0,google,
getweave.com,5,0,0,google,
vida.io,8,0,0,google,
whippy.ai,8,0,0,google,
rondah.ai,9,0,0,google,
ai-receptionist.com,9,0,0,google,
plura.ai,9,0,0,google,
goto.com,10,0,0,google,
oncallclerk.com,10,0,0,google,
callagentai.com,11,0,0,google,
gatesnotes.com,12,0,0,google,
voxara.ca,13,0,0,google,
sbir.gov,13,0,0,google,
abc7chicago.com,13,0,0,google,
facebook.com,13,0,0,google,
nytimes.com,14,0,0,google,
myaifrontdesk.com,14,0,0,google,
24-7academy.com,15,0,0,google,
fedsmallbusiness.org,15,0,0,google,
darpa.mil,15,0,0,google,
patientxpress.us,16,0,0,google,
versobooks.com,16,0,0,google,
getaron.ai,17,0,0,google,
pitchit.ai,17,0,0,google,
sciencedirect.com,18,0,0,google,
sfchronicle.com,18,0,0,google,
karpathy.ai,18,0,0,google,
awaytravel.com,18,0,0,google,
qpp.cms.gov,19,0,0,google,
dolfyn.ai,19,0,0,google,
leadsmagnet.ai,19,0,0,google,
newo.ai,20,0,0,google,
nccu.edu,20,0,0,google,
instagram.com,20,0,0,google,
tollanis.com,20,0,0,google,
kalbotsolutions.com,21,0,0,google,
underarmour.com,21,0,0,google,
pbskids.org,22,0,0,google,
gumlinemarketing.com,22,0,0,google,
